person_id,name,slug,person_type,alternate_names,username_primary,gender,generation,date_of_birth,nationality,country,country_code,region,city,languages,profession,professions,industry_primary,industries,niches,topics,sports,sport_role,genre,audience_type,audience_scope,bio_short,bio_long,known_for,notable_work,awards,organizations,brands,website_url,wikipedia_url,profile_image_url,cover_image_url,official_source_url,verified,verification_date,claimed,status,created_date,updated_date,editorial_notes
P000001,MrBeast,mrbeast,Influencer;Public Figure,Jimmy Donaldson,MrBeast,Male,Gen Z,1998-05-07,,United States,US,,Greenville,English,YouTuber;Entrepreneur,YouTuber;Entrepreneur,Entertainment;Business,Entertainment;Business,YouTube;Challenges;Philanthropy;Entrepreneurship,YouTube;Philanthropy;Entrepreneurship,,,,Creator,Global,Jimmy Donaldson is an American creator and entrepreneur known for large-scale YouTube entertainment and philanthropy.,Jimmy Donaldson is an American creator and entrepreneur known for large-scale YouTube entertainment and philanthropy.,YouTube entertainment; philanthropy; entrepreneurship,MrBeast channels; Beast Games; Feastables; Beast Industries,,Beast Industries,Feastables,https://www.mrbeast.com/,,,,,False,2026-09-01,False,draft,2026-09-01,2026-09-01,
P000002,Dhar Mann,dhar-mann,Influencer;Public Figure,,Dhar Mann,Male,Millennial,1984-05-29,,United States,US,,Los Angeles,English,Creator;Entrepreneur,Creator;Entrepreneur,Entertainment;Business,Entertainment;Business,Motivational stories;Entrepreneurship;Social impact,Motivation;Entrepreneurship,,,,Creator,Global,Dhar Mann is an American entrepreneur and digital creator known for motivational and inspirational video content.,Dhar Mann is an American entrepreneur and digital creator known for motivational and inspirational video content.,Motivational storytelling; entrepreneurship,Dhar Mann Studios,,Dhar Mann Studios,,,,,,,False,2026-09-01,False,draft,2026-09-01,2026-09-01,
P000003,Steven Bartlett,steven-bartlett,Influencer;Public Figure,,Steven Bartlett,Male,Millennial,1992-08-26,,United Kingdom,GB,,Manchester,English,Entrepreneur;Podcaster;Author,Entrepreneur;Podcaster;Author,Business;Media,Business;Media,Entrepreneurship;Leadership;Business;Podcasting,Entrepreneurship;Leadership,,,,Creator,Global,"Steven Bartlett is a British entrepreneur, podcaster and author known for business and personal-development content.","Steven Bartlett is a British entrepreneur, podcaster and author known for business and personal-development content.",Entrepreneurship; podcasting; leadership,The Diary of a CEO; Flight Story,,Flight Story,,https://stevenbartlett.com/,,,,,False,2026-09-01,False,draft,2026-09-01,2026-09-01,
P000004,Cristiano Ronaldo,cristiano-ronaldo,Public Figure;Influencer,,Cristiano Ronaldo,Male,Millennial,1985-02-05,,Portugal,PT,,Funchal,Portuguese;English,Footballer;Entrepreneur,Footballer;Entrepreneur,Sports;Business,Sports;Business,Football;Sports;Fitness;Entrepreneurship,Football;Fitness,Football,Professional Footballer,,Athlete,Global,Cristiano Ronaldo is a Portuguese professional footballer and globally recognized public figure with a major digital following.,Cristiano Ronaldo is a Portuguese professional footballer and globally recognized public figure with a major digital following.,Football; fitness; entrepreneurship,Portugal national team; Al-Nassr; CR7 brand,,,CR7,https://www.cristianoronaldo.com/,,,,,False,2026-09-01,False,draft,2026-09-01,2026-09-01,
P000005,Lionel Messi,lionel-messi,Public Figure;Influencer,,Leo Messi,Male,Millennial,1987-06-24,,Argentina,AR,,Rosario,Spanish;English,Footballer;Athlete,Footballer;Athlete,Sports;Business,Sports;Business,Football;Sports;Fitness,Football;Philanthropy,Football,Professional Footballer,,Athlete,Global,Lionel Messi is an Argentine professional footballer and internationally recognized public figure.,Lionel Messi is an Argentine professional footballer and internationally recognized public figure.,Football; sport; philanthropy,Argentina national team; Inter Miami CF,,,,,,,,,False,2026-09-01,False,draft,2026-09-01,2026-09-01,
P000006,Selena Gomez,selena-gomez,Public Figure;Influencer,,Selena Gomez,Female,Millennial,1992-07-22,,United States,US,,Los Angeles,English,Singer;Actor;Entrepreneur,Singer;Actor;Entrepreneur,Entertainment;Beauty,Entertainment;Beauty,Music;Beauty;Lifestyle;Entrepreneurship,Music;Beauty,,,Pop,Artist,Global,"Selena Gomez is an American singer, actor and entrepreneur with a major global audience.","Selena Gomez is an American singer, actor and entrepreneur with a major global audience.",Music; acting; beauty; entrepreneurship,Rare Beauty; music and film work,,,Rare Beauty,https://www.rarebeauty.com/,,,,,False,2026-09-01,False,draft,2026-09-01,2026-09-01,
P000007,Justin Bieber,justin-bieber,Public Figure;Influencer,,Justin Bieber,Male,Millennial,1994-03-01,,Canada,CA,,London,English,Singer;Musician,Singer;Musician,Music;Entertainment,Music;Entertainment,Music;Pop Culture;Fashion,Music;Pop Culture,,,Pop,Artist,Global,Justin Bieber is a Canadian singer and musician with a global audience.,Justin Bieber is a Canadian singer and musician with a global audience.,Music; pop culture; fashion,,,,,,,,,,False,2026-09-01,False,draft,2026-09-01,2026-09-01,
P000008,LeBron James,lebron-james,Public Figure;Influencer,,LeBron James,Male,Millennial,1984-12-30,,United States,US,,Akron,English,Basketball Player;Entrepreneur;Producer,Basketball Player;Entrepreneur;Producer,Sports;Business;Entertainment,Sports;Business;Entertainment,Basketball;Entrepreneurship;Sports Business,Basketball;Entrepreneurship,Basketball,Professional Basketball Player,,Athlete,Global,"LeBron James is an American professional basketball player, entrepreneur and producer.","LeBron James is an American professional basketball player, entrepreneur and producer.",Basketball; sports business; entrepreneurship,Basketball career; SpringHill; philanthropy,,SpringHill,,https://www.lebronjames.com/,,,,,False,2026-09-01,False,draft,2026-09-01,2026-09-01,
P000009,Virat Kohli,virat-kohli,Public Figure;Influencer,,Virat Kohli,Male,Millennial,1988-11-05,,India,IN,,Delhi,Hindi;English,Cricketer;Entrepreneur,Cricketer;Entrepreneur,Sports;Business,Sports;Business,Cricket;Fitness;Entrepreneurship,Cricket;Fitness,Cricket,Professional Cricketer,,Athlete,Global,Virat Kohli is an Indian cricketer and entrepreneur with a major international audience.,Virat Kohli is an Indian cricketer and entrepreneur with a major international audience.,Cricket; fitness; entrepreneurship,,,,,,,,,,False,2026-09-01,False,draft,2026-09-01,2026-09-01,
P000010,Emma Chamberlain,emma-chamberlain,Influencer;Public Figure,,Emma Chamberlain,Female,Gen Z,2001-05-22,,United States,US,,Los Angeles,English,Creator;Entrepreneur;Podcaster,Creator;Entrepreneur;Podcaster,Lifestyle;Media;Fashion,Lifestyle;Media;Fashion,Lifestyle;Fashion;Coffee;Podcasting,Lifestyle;Fashion;Podcasting,,,Lifestyle;Fashion,Creator,Global,"Emma Chamberlain is an American creator, entrepreneur and podcaster known for lifestyle and fashion content.","Emma Chamberlain is an American creator, entrepreneur and podcaster known for lifestyle and fashion content.",Lifestyle; fashion; podcasting; entrepreneurship,Anything Goes; Chamberlain Coffee; fashion partnerships,,,Chamberlain Coffee,https://chamberlaincoffee.com/,,,,,False,2026-09-01,False,draft,2026-09-01,2026-09-01,
P000011,Khaby Lame,khaby-lame,Influencer;Public Figure,,Khaby Lame,Male,Gen Z,2000-03-09,,Italy,IT,,Turin,Italian;English,Creator;Comedian,Creator;Comedian,Entertainment,Entertainment,Comedy;Short-form Video;Entertainment,Comedy;Entertainment,,,Comedy,Creator,Global,Khaby Lame is an Italian-Senegalese creator known for silent comedy and short-form social videos.,Khaby Lame is an Italian-Senegalese creator known for silent comedy and short-form social videos.,Comedy; short-form video,,,,,,,,,,False,2026-09-01,False,draft,2026-09-01,2026-09-01,
P000012,Marques Brownlee,marques-brownlee,Influencer;Public Figure,,MKBHD,Male,Millennial,1993-12-03,,United States,US,,Maplewood,English,Technology Creator;Podcaster,Technology Creator;Podcaster,Technology;Media,Technology;Media,Consumer Technology;Reviews;AI;Gadgets,Consumer Technology;Artificial Intelligence,,,,Tech,Global,Marques Brownlee is an American technology creator and media personality known for consumer technology coverage.,Marques Brownlee is an American technology creator and media personality known for consumer technology coverage.,Consumer technology; gadgets; AI; reviews,MKBHD; Waveform Podcast,,,MKBHD,https://www.mkbhd.com/,,,,,False,2026-09-01,False,draft,2026-09-01,2026-09-01,
P000013,Mrwhosetheboss,mrwhosetheboss,Influencer;Public Figure,Arun Maini,Mrwhosetheboss,Male,Millennial,1993-10-24,,United Kingdom,GB,,London,English,Technology Creator,Technology Creator,Technology;Media,Technology;Media,Consumer Technology;Gadgets;Reviews;AI,Consumer Technology;Artificial Intelligence,,,,Tech,Global,Mrwhosetheboss is a British technology creator known for consumer technology reviews and explainers.,Mrwhosetheboss is a British technology creator known for consumer technology reviews and explainers.,Consumer technology; gadgets; AI; reviews,,,,,,,,,,False,2026-09-01,False,draft,2026-09-01,2026-09-01,
P000014,Huda Kattan,huda-kattan,Influencer;Public Figure,,Huda Kattan,Female,Millennial,1983-10-02,,United States,US,,Dubai,English;Arabic,Beauty Entrepreneur;Creator,Beauty Entrepreneur;Creator,Beauty;Business,Beauty;Business,Makeup;Skincare;Beauty Entrepreneurship,Makeup;Skincare;Beauty,,,Beauty,Creator,Global,"Huda Kattan is a beauty entrepreneur, creator and founder associated with Huda Beauty.","Huda Kattan is a beauty entrepreneur, creator and founder associated with Huda Beauty.",Beauty; makeup; skincare; entrepreneurship,Huda Beauty,,,Huda Beauty,https://hudabeauty.com/,,,,,False,2026-09-01,False,draft,2026-09-01,2026-09-01,
P000015,Zach King,zach-king,Influencer;Public Figure,,,Male,Millennial,,,United States,US,,,English,Creator;Filmmaker,Creator;Filmmaker,Entertainment;Digital Media,Entertainment;Digital Media,Digital illusions; short-form video; filmmaking,Digital illusions; short-form video; filmmaking,,,,,Global,Zach King is an American digital creator and filmmaker known for visual illusion and short-form video storytelling.,Zach King is an American digital creator and filmmaker known for visual illusion and short-form video storytelling.,Digital illusions; short-form video; filmmaking,,,,,,,,,,False,2026-09-01,False,draft,2026-09-01,2026-09-01,
P000016,Addison Rae,addison-rae,Influencer;Public Figure,,,Female,Gen Z,,,United States,US,,,English,Creator;Actor;Entrepreneur,Creator;Actor;Entrepreneur,Entertainment;Beauty;Fashion,Entertainment;Beauty;Fashion,Social media; entertainment; beauty; fashion,Social media; entertainment; beauty; fashion,,,,,Global,"Addison Rae is an American creator, actor and entrepreneur known for social media entertainment and pop culture.","Addison Rae is an American creator, actor and entrepreneur known for social media entertainment and pop culture.",Social media; entertainment; beauty; fashion,,,,,,,,,,False,2026-09-01,False,draft,2026-09-01,2026-09-01,
P000017,Charli D'Amelio,charli-damelio,Influencer;Public Figure,,,Female,Gen Z,,,United States,US,,,English,Creator;Entrepreneur,Creator;Entrepreneur,Entertainment;Fashion,Entertainment;Fashion,TikTok; dance; fashion; creator economy,TikTok; dance; fashion; creator economy,,,,,Global,Charli D'Amelio is an American digital creator and entrepreneur who rose to prominence through short-form social video.,Charli D'Amelio is an American digital creator and entrepreneur who rose to prominence through short-form social video.,TikTok; dance; fashion; creator economy,,,,,,,,,,False,2026-09-01,False,draft,2026-09-01,2026-09-01,
P000018,Alix Earle,alix-earle,Influencer;Public Figure,,,Female,Gen Z,,,United States,US,,,English,Creator;Entrepreneur,Creator;Entrepreneur,Lifestyle;Beauty;Fashion,Lifestyle;Beauty;Fashion,Lifestyle; beauty; fashion,Lifestyle; beauty; fashion,,,,,Global,"Alix Earle is an American lifestyle creator known for beauty, fashion and personality-driven social content.","Alix Earle is an American lifestyle creator known for beauty, fashion and personality-driven social content.",Lifestyle; beauty; fashion,,,,,,,,,,False,2026-09-01,False,draft,2026-09-01,2026-09-01,
P000019,Logan Paul,logan-paul,Influencer;Public Figure,,,Male,Millennial,,,United States,US,,,English,Creator;Entrepreneur;Athlete,Creator;Entrepreneur;Athlete,Entertainment;Sports;Business,Entertainment;Sports;Business,Creator economy; entrepreneurship; sports entertainment,Creator economy; entrepreneurship; sports entertainment,,,,,Global,"Logan Paul is an American creator, entrepreneur and professional sports entertainer with a global digital audience.","Logan Paul is an American creator, entrepreneur and professional sports entertainer with a global digital audience.",Creator economy; entrepreneurship; sports entertainment,,,,,,,,,,False,2026-09-01,False,draft,2026-09-01,2026-09-01,
P000020,Jake Paul,jake-paul,Influencer;Public Figure,,,Male,Millennial,,,United States,US,,,English,Creator;Boxer;Entrepreneur,Creator;Boxer;Entrepreneur,Sports;Entertainment;Business,Sports;Entertainment;Business,Boxing; creator economy; entrepreneurship,Boxing; creator economy; entrepreneurship,,,,,Global,"Jake Paul is an American creator, professional boxer and entrepreneur with a large digital audience.","Jake Paul is an American creator, professional boxer and entrepreneur with a large digital audience.",Boxing; creator economy; entrepreneurship,,,,,,,,,,False,2026-09-01,False,draft,2026-09-01,2026-09-01,
P000021,KSI,ksi,Influencer;Public Figure,,,Male,Millennial,,,United Kingdom,GB,,,English,Creator;Musician;Boxer,Creator;Musician;Boxer,Entertainment;Sports;Music,Entertainment;Sports;Music,YouTube; boxing; music,YouTube; boxing; music,,,,,Global,"KSI is a British creator, musician and boxer known for online entertainment and crossover sports events.","KSI is a British creator, musician and boxer known for online entertainment and crossover sports events.",YouTube; boxing; music,,,,,,,,,,False,2026-09-01,False,draft,2026-09-01,2026-09-01,
P000022,Lilly Singh,lilly-singh,Influencer;Public Figure,,,Female,Millennial,,,Canada,CA,,,English,Creator;Actor;Author,Creator;Actor;Author,Entertainment;Media,Entertainment;Media,Comedy; digital media; television,Comedy; digital media; television,,,,,Global,"Lilly Singh is a Canadian creator, actor, author and media personality known for comedy and entertainment.","Lilly Singh is a Canadian creator, actor, author and media personality known for comedy and entertainment.",Comedy; digital media; television,,,,,,,,,,False,2026-09-01,False,draft,2026-09-01,2026-09-01,
P000023,Ryan Trahan,ryan-trahan,Influencer;Public Figure,,,Male,Gen Z,,,United States,US,,,English,Creator;Entrepreneur,Creator;Entrepreneur,Entertainment;Lifestyle,Entertainment;Lifestyle,YouTube; challenges; travel; philanthropy,YouTube; challenges; travel; philanthropy,,,,,Global,"Ryan Trahan is an American creator known for challenge, travel and documentary-style entertainment videos.","Ryan Trahan is an American creator known for challenge, travel and documentary-style entertainment videos.",YouTube; challenges; travel; philanthropy,,,,,,,,,,False,2026-09-01,False,draft,2026-09-01,2026-09-01,
P000024,IShowSpeed,ishowspeed,Influencer;Public Figure,,,Male,Gen Z,,,United States,US,,,English,Creator;Streamer,Creator;Streamer,Entertainment;Gaming;Sports,Entertainment;Gaming;Sports,Streaming; gaming; football; entertainment,Streaming; gaming; football; entertainment,,,,,Global,"IShowSpeed is an American livestreamer and creator known for gaming, sports and high-energy entertainment.","IShowSpeed is an American livestreamer and creator known for gaming, sports and high-energy entertainment.",Streaming; gaming; football; entertainment,,,,,,,,,,False,2026-09-01,False,draft,2026-09-01,2026-09-01,
P000025,Kai Cenat,kai-cenat,Influencer;Public Figure,,,Male,Gen Z,,,United States,US,,,English,Streamer;Creator,Streamer;Creator,Entertainment;Gaming,Entertainment;Gaming,Streaming; gaming; comedy,Streaming; gaming; comedy,,,,,Global,"Kai Cenat is an American streamer and creator known for livestream entertainment, gaming and collaborations.","Kai Cenat is an American streamer and creator known for livestream entertainment, gaming and collaborations.",Streaming; gaming; comedy,,,,,,,,,,False,2026-09-01,False,draft,2026-09-01,2026-09-01,
P000026,Pokimane,pokimane,Influencer;Public Figure,,,Female,Millennial,,,Canada,CA,,,English,Streamer;Creator;Entrepreneur,Streamer;Creator;Entrepreneur,Gaming;Entertainment,Gaming;Entertainment,Gaming; streaming; creator economy,Gaming; streaming; creator economy,,,,,Global,Pokimane is a Canadian-Moroccan streamer and creator known for gaming and livestream entertainment.,Pokimane is a Canadian-Moroccan streamer and creator known for gaming and livestream entertainment.,Gaming; streaming; creator economy,,,,,,,,,,False,2026-09-01,False,draft,2026-09-01,2026-09-01,
P000027,Valkyrae,valkyrae,Influencer;Public Figure,,,Female,Millennial,,,United States,US,,,English,Streamer;Creator;Entrepreneur,Streamer;Creator;Entrepreneur,Gaming;Entertainment,Gaming;Entertainment,Gaming; streaming; entertainment,Gaming; streaming; entertainment,,,,,Global,"Valkyrae is an American streamer and creator known for gaming, livestreaming and digital entertainment.","Valkyrae is an American streamer and creator known for gaming, livestreaming and digital entertainment.",Gaming; streaming; entertainment,,,,,,,,,,False,2026-09-01,False,draft,2026-09-01,2026-09-01,
P000028,Lachlan,lachlan,Influencer;Public Figure,,,Male,Millennial,,,Australia,AU,,,English,Gamer;Creator,Gamer;Creator,Gaming;Entertainment,Gaming;Entertainment,Gaming; Fortnite; streaming,Gaming; Fortnite; streaming,,,,,Global,Lachlan is an Australian gaming creator known for video game content and creator collaborations.,Lachlan is an Australian gaming creator known for video game content and creator collaborations.,Gaming; Fortnite; streaming,,,,,,,,,,False,2026-09-01,False,draft,2026-09-01,2026-09-01,
P000029,PewDiePie,pewdiepie,Influencer;Public Figure,,,Male,Millennial,,,Japan,JP,,,English,Creator;YouTuber,Creator;YouTuber,Entertainment;Gaming,Entertainment;Gaming,YouTube; gaming; commentary,YouTube; gaming; commentary,,,,,Global,PewDiePie is a Swedish creator and long-running digital entertainment personality known for gaming and commentary content.,PewDiePie is a Swedish creator and long-running digital entertainment personality known for gaming and commentary content.,YouTube; gaming; commentary,,,,,,,,,,False,2026-09-01,False,draft,2026-09-01,2026-09-01,
P000030,Ali Abdaal,ali-abdaal,Influencer;Public Figure,,,Male,Millennial,,,United Kingdom,GB,,,English,Creator;Author;Entrepreneur,Creator;Author;Entrepreneur,Education;Business,Education;Business,Productivity; learning; entrepreneurship,Productivity; learning; entrepreneurship,,,,,Global,"Ali Abdaal is a British creator, author and entrepreneur focused on productivity, learning and digital business.","Ali Abdaal is a British creator, author and entrepreneur focused on productivity, learning and digital business.",Productivity; learning; entrepreneurship,,,,,,,,,,False,2026-09-01,False,draft,2026-09-01,2026-09-01,
P000031,Matt D'Avella,matt-davella,Influencer;Public Figure,,,Male,Millennial,,,United States,US,,,English,Filmmaker;Creator,Filmmaker;Creator,Lifestyle;Media,Lifestyle;Media,Minimalism; habits; filmmaking,Minimalism; habits; filmmaking,,,,,Global,Matt D'Avella is an American filmmaker and creator known for documentary-style lifestyle and personal-development content.,Matt D'Avella is an American filmmaker and creator known for documentary-style lifestyle and personal-development content.,Minimalism; habits; filmmaking,,,,,,,,,,False,2026-09-01,False,draft,2026-09-01,2026-09-01,
P000032,Jay Shetty,jay-shetty,Influencer;Public Figure,,,Male,Millennial,,,United Kingdom,GB,,,English,Author;Podcaster;Creator,Author;Podcaster;Creator,Media;Personal Development,Media;Personal Development,Podcasting; personal development; wellness,Podcasting; personal development; wellness,,,,,Global,"Jay Shetty is a British author, podcaster and creator known for personal-development and wellness content.","Jay Shetty is a British author, podcaster and creator known for personal-development and wellness content.",Podcasting; personal development; wellness,,,,,,,,,,False,2026-09-01,False,draft,2026-09-01,2026-09-01,
P000033,Mel Robbins,mel-robbins,Influencer;Public Figure,,,Female,Gen X,,,United States,US,,,English,Author;Speaker;Podcaster,Author;Speaker;Podcaster,Personal Development;Media,Personal Development;Media,Personal development; motivation; leadership,Personal development; motivation; leadership,,,,,Global,"Mel Robbins is an American author, speaker and podcaster known for practical personal-development content.","Mel Robbins is an American author, speaker and podcaster known for practical personal-development content.",Personal development; motivation; leadership,,,,,,,,,,False,2026-09-01,False,draft,2026-09-01,2026-09-01,
P000034,Gary Vaynerchuk,gary-vaynerchuk,Influencer;Public Figure,,,Male,Gen X,,,United States,US,,,English,Entrepreneur;Speaker;Creator,Entrepreneur;Speaker;Creator,Business;Marketing;Media,Business;Marketing;Media,Entrepreneurship; marketing; social media,Entrepreneurship; marketing; social media,,,,,Global,"Gary Vaynerchuk is an American entrepreneur, investor and digital media personality focused on business and marketing.","Gary Vaynerchuk is an American entrepreneur, investor and digital media personality focused on business and marketing.",Entrepreneurship; marketing; social media,,,,,,,,,,False,2026-09-01,False,draft,2026-09-01,2026-09-01,
P000035,Neil Patel,neil-patel,Public Figure;Influencer,,,Male,Millennial,,,United States,US,,,English,Entrepreneur;Marketer;Author,Entrepreneur;Marketer;Author,Marketing;Business;Technology,Marketing;Business;Technology,SEO; digital marketing; entrepreneurship,SEO; digital marketing; entrepreneurship,,,,,Global,"Neil Patel is a marketing entrepreneur and author known for digital marketing, SEO and business education.","Neil Patel is a marketing entrepreneur and author known for digital marketing, SEO and business education.",SEO; digital marketing; entrepreneurship,,,,,,,,,,False,2026-09-01,False,draft,2026-09-01,2026-09-01,
P000036,Rand Fishkin,rand-fishkin,Public Figure;Influencer,,,Male,Gen X,,,United States,US,,,English,Entrepreneur;Author;Marketer,Entrepreneur;Author;Marketer,Marketing;Technology,Marketing;Technology,SEO; search; marketing technology,SEO; search; marketing technology,,,,,Global,Rand Fishkin is a technology entrepreneur and author known for SEO and digital marketing.,Rand Fishkin is a technology entrepreneur and author known for SEO and digital marketing.,SEO; search; marketing technology,,,,,,,,,,False,2026-09-01,False,draft,2026-09-01,2026-09-01,
P000037,Simon Sinek,simon-sinek,Public Figure;Influencer,,,Male,Gen X,,,United States,US,,,English,Author;Speaker;Consultant,Author;Speaker;Consultant,Business;Leadership,Business;Leadership,Leadership; business; organizational culture,Leadership; business; organizational culture,,,,,Global,"Simon Sinek is an author and speaker known for leadership, organizational culture and purpose-driven business ideas.","Simon Sinek is an author and speaker known for leadership, organizational culture and purpose-driven business ideas.",Leadership; business; organizational culture,,,,,,,,,,False,2026-09-01,False,draft,2026-09-01,2026-09-01,
P000038,Tony Robbins,tony-robbins,Public Figure;Influencer,,,Male,Baby Boomer,,,United States,US,,,English,Speaker;Author;Entrepreneur,Speaker;Author;Entrepreneur,Personal Development;Business,Personal Development;Business,Motivation; leadership; personal development,Motivation; leadership; personal development,,,,,Global,"Tony Robbins is an American author, speaker and entrepreneur known for personal-development and business programs.","Tony Robbins is an American author, speaker and entrepreneur known for personal-development and business programs.",Motivation; leadership; personal development,,,,,,,,,,False,2026-09-01,False,draft,2026-09-01,2026-09-01,
P000039,Gary Vaynerchuk,garyvee,Public Figure;Influencer,,,Male,Gen X,,,United States,US,,,English,Entrepreneur;Creator,Entrepreneur;Creator,Business;Marketing;Media,Business;Marketing;Media,Entrepreneurship; marketing; social media,Entrepreneurship; marketing; social media,,,,,Global,"Gary Vaynerchuk is an entrepreneur and digital media personality focused on business, marketing and social media.","Gary Vaynerchuk is an entrepreneur and digital media personality focused on business, marketing and social media.",Entrepreneurship; marketing; social media,,,,,,,,,,False,2026-09-01,False,draft,2026-09-01,2026-09-01,
P000041,Linus Sebastian,linus-sebastian,Influencer;Public Figure,,,Male,Millennial,,,Canada,CA,,,English,Technology Creator;Entrepreneur,Technology Creator;Entrepreneur,Technology;Media,Technology;Media,PC hardware; technology; creator economy,PC hardware; technology; creator economy,,,,,Global,Linus Sebastian is a Canadian technology creator and entrepreneur known for technology media and hardware content.,Linus Sebastian is a Canadian technology creator and entrepreneur known for technology media and hardware content.,PC hardware; technology; creator economy,,,,,,,,,,False,2026-09-01,False,draft,2026-09-01,2026-09-01,
P000042,MKBHD,mkbhd,Influencer,,,Male,Millennial,,,United States,US,,,English,Technology Creator,Technology Creator,Technology;Media,Technology;Media,Technology reviews; gadgets,Technology reviews; gadgets,,,,,Global,MKBHD is the creator brand associated with Marques Brownlee's technology media work.,MKBHD is the creator brand associated with Marques Brownlee's technology media work.,Technology reviews; gadgets,,,,,,,,,,False,2026-09-01,False,draft,2026-09-01,2026-09-01,
P000043,Casey Neistat,casey-neistat,Influencer;Public Figure,,,Male,Gen X,,,United States,US,,,English,Filmmaker;Creator;Entrepreneur,Filmmaker;Creator;Entrepreneur,Media;Entertainment,Media;Entertainment,Filmmaking; vlogging; entrepreneurship,Filmmaking; vlogging; entrepreneurship,,,,,Global,"Casey Neistat is an American filmmaker, creator and entrepreneur known for pioneering digital video storytelling.","Casey Neistat is an American filmmaker, creator and entrepreneur known for pioneering digital video storytelling.",Filmmaking; vlogging; entrepreneurship,,,,,,,,,,False,2026-09-01,False,draft,2026-09-01,2026-09-01,
P000045,Nara Smith,nara-smith,Influencer;Public Figure,,,Female,Gen Z,,,United States,US,,,English,Creator;Model,Creator;Model,Food;Lifestyle;Fashion,Food;Lifestyle;Fashion,Food content; lifestyle; fashion,Food content; lifestyle; fashion,,,,,Global,"Nara Smith is a creator known for food, lifestyle and fashion-oriented social content.","Nara Smith is a creator known for food, lifestyle and fashion-oriented social content.",Food content; lifestyle; fashion,,,,,,,,,,False,2026-09-01,False,draft,2026-09-01,2026-09-01,
P000046,Tabitha Brown,tabitha-brown,Influencer;Public Figure,,,Female,Gen X,,,United States,US,,,English,Creator;Actor;Author,Creator;Actor;Author,Food;Lifestyle;Entertainment,Food;Lifestyle;Entertainment,Vegan food; lifestyle; positivity,Vegan food; lifestyle; positivity,,,,,Global,"Tabitha Brown is an American creator, actor and author known for food, lifestyle and inspirational content.","Tabitha Brown is an American creator, actor and author known for food, lifestyle and inspirational content.",Vegan food; lifestyle; positivity,,,,,,,,,,False,2026-09-01,False,draft,2026-09-01,2026-09-01,
P000047,Martha Stewart,martha-stewart,Public Figure;Influencer,,,Female,Baby Boomer,,,United States,US,,,English,Entrepreneur;Author;Media Personality,Entrepreneur;Author;Media Personality,Lifestyle;Food;Business,Lifestyle;Food;Business,Food; home; lifestyle; entrepreneurship,Food; home; lifestyle; entrepreneurship,,,,,Global,"Martha Stewart is an American entrepreneur, author and media personality associated with food, home and lifestyle.","Martha Stewart is an American entrepreneur, author and media personality associated with food, home and lifestyle.",Food; home; lifestyle; entrepreneurship,,,,,,,,,,False,2026-09-01,False,draft,2026-09-01,2026-09-01,
P000048,Gordon Ramsay,gordon-ramsay,Public Figure;Influencer,,,Male,Gen X,,,United Kingdom,GB,,,English,Chef;Restaurateur;Television Personality,Chef;Restaurateur;Television Personality,Food;Entertainment;Business,Food;Entertainment;Business,Cooking; restaurants; television,Cooking; restaurants; television,,,,,Global,"Gordon Ramsay is a British chef, restaurateur and television personality with a global media presence.","Gordon Ramsay is a British chef, restaurateur and television personality with a global media presence.",Cooking; restaurants; television,,,,,,,,,,False,2026-09-01,False,draft,2026-09-01,2026-09-01,
P000049,Jamie Oliver,jamie-oliver,Public Figure;Influencer,,,Male,Gen X,,,United Kingdom,GB,,,English,Chef;Author;Entrepreneur,Chef;Author;Entrepreneur,Food;Media;Business,Food;Media;Business,Cooking; food education; restaurants,Cooking; food education; restaurants,,,,,Global,"Jamie Oliver is a British chef, author and entrepreneur known for cooking, food education and media.","Jamie Oliver is a British chef, author and entrepreneur known for cooking, food education and media.",Cooking; food education; restaurants,,,,,,,,,,False,2026-09-01,False,draft,2026-09-01,2026-09-01,
P000050,Nigella Lawson,nigella-lawson,Public Figure;Influencer,,,Female,Gen X,,,United Kingdom,GB,,,English,Chef;Author;Television Personality,Chef;Author;Television Personality,Food;Media,Food;Media,Cooking; food writing; television,Cooking; food writing; television,,,,,Global,Nigella Lawson is a British food writer and television personality known for cooking and food media.,Nigella Lawson is a British food writer and television personality known for cooking and food media.,Cooking; food writing; television,,,,,,,,,,False,2026-09-01,False,draft,2026-09-01,2026-09-01,
P000051,Chiara Ferragni,chiara-ferragni,Influencer;Public Figure,,,Female,Millennial,,,Italy,IT,,,English,Creator;Entrepreneur;Fashion Personality,Creator;Entrepreneur;Fashion Personality,Fashion;Beauty;Business,Fashion;Beauty;Business,Fashion; entrepreneurship; lifestyle,Fashion; entrepreneurship; lifestyle,,,,,Global,Chiara Ferragni is an Italian fashion entrepreneur and digital creator known for fashion and lifestyle media.,Chiara Ferragni is an Italian fashion entrepreneur and digital creator known for fashion and lifestyle media.,Fashion; entrepreneurship; lifestyle,,,,,,,,,,False,2026-09-01,False,draft,2026-09-01,2026-09-01,
P000052,Negin Mirsalehi,negin-mirsalehi,Influencer;Public Figure,,,Female,Millennial,,,Netherlands,NL,,,English,Creator;Entrepreneur,Creator;Entrepreneur,Beauty;Fashion;Business,Beauty;Fashion;Business,Beauty; haircare; fashion,Beauty; haircare; fashion,,,,,Global,"Negin Mirsalehi is a Dutch creator and entrepreneur known for beauty, fashion and lifestyle content.","Negin Mirsalehi is a Dutch creator and entrepreneur known for beauty, fashion and lifestyle content.",Beauty; haircare; fashion,,,,,,,,,,False,2026-09-01,False,draft,2026-09-01,2026-09-01,
P000053,Camila Coelho,camila-coelho,Influencer;Public Figure,,,Female,Millennial,,,United States,US,,,English,Creator;Entrepreneur,Creator;Entrepreneur,Beauty;Fashion,Beauty;Fashion,Beauty; fashion; entrepreneurship,Beauty; fashion; entrepreneurship,,,,,Global,Camila Coelho is a Brazilian-American fashion and beauty creator and entrepreneur.,Camila Coelho is a Brazilian-American fashion and beauty creator and entrepreneur.,Beauty; fashion; entrepreneurship,,,,,,,,,,False,2026-09-01,False,draft,2026-09-01,2026-09-01,
P000054,Mariano Di Vaio,mariano-di-vaio,Influencer;Public Figure,,,Male,Millennial,,,Italy,IT,,,English,Creator;Model;Entrepreneur,Creator;Model;Entrepreneur,Fashion;Lifestyle;Business,Fashion;Lifestyle;Business,Fashion; men's style; entrepreneurship,Fashion; men's style; entrepreneurship,,,,,Global,"Mariano Di Vaio is an Italian model, entrepreneur and digital creator known for fashion and lifestyle.","Mariano Di Vaio is an Italian model, entrepreneur and digital creator known for fashion and lifestyle.",Fashion; men's style; entrepreneurship,,,,,,,,,,False,2026-09-01,False,draft,2026-09-01,2026-09-01,
P000056,Neymar Jr.,neymar-jr,Public Figure;Influencer,,,Male,Millennial,,,Brazil,BR,,,English,Footballer;Entrepreneur,Footballer;Entrepreneur,Sports;Entertainment;Business,Sports;Entertainment;Business,Football; sport; fashion; entrepreneurship,Football; sport; fashion; entrepreneurship,,,,,Global,Neymar Jr. is a Brazilian professional footballer and global sports personality.,Neymar Jr. is a Brazilian professional footballer and global sports personality.,Football; sport; fashion; entrepreneurship,,,,,,,,,,False,2026-09-01,False,draft,2026-09-01,2026-09-01,
P000057,Kylian Mbappé,kylian-mbappe,Public Figure;Influencer,,,Male,Gen Z,,,France,FR,,,English,Footballer,Footballer,Sports;Entertainment,Sports;Entertainment,Football; sport,Football; sport,,,,,Global,Kylian Mbappé is a French professional footballer and global sports personality.,Kylian Mbappé is a French professional footballer and global sports personality.,Football; sport,,,,,,,,,,False,2026-09-01,False,draft,2026-09-01,2026-09-01,
P000058,Stephen Curry,stephen-curry,Public Figure;Influencer,,,Male,Millennial,,,United States,US,,,English,Basketball Player;Entrepreneur,Basketball Player;Entrepreneur,Sports;Business,Sports;Business,Basketball; sport; entrepreneurship,Basketball; sport; entrepreneurship,,,,,Global,Stephen Curry is an American professional basketball player and entrepreneur.,Stephen Curry is an American professional basketball player and entrepreneur.,Basketball; sport; entrepreneurship,,,,,,,,,,False,2026-09-01,False,draft,2026-09-01,2026-09-01,
P000059,Serena Williams,serena-williams,Public Figure;Influencer,,,Female,Millennial,,,United States,US,,,English,Tennis Player;Entrepreneur,Tennis Player;Entrepreneur,Sports;Business;Fashion,Sports;Business;Fashion,Tennis; entrepreneurship; fashion,Tennis; entrepreneurship; fashion,,,,,Global,"Serena Williams is an American tennis champion, entrepreneur and global public figure.","Serena Williams is an American tennis champion, entrepreneur and global public figure.",Tennis; entrepreneurship; fashion,,,,,,,,,,False,2026-09-01,False,draft,2026-09-01,2026-09-01,
P000060,Naomi Osaka,naomi-osaka,Public Figure;Influencer,,,Female,Gen Z,,,Japan,JP,,,English,Tennis Player;Entrepreneur,Tennis Player;Entrepreneur,Sports;Business;Fashion,Sports;Business;Fashion,Tennis; sport; fashion,Tennis; sport; fashion,,,,,Global,Naomi Osaka is a Japanese professional tennis player and entrepreneur.,Naomi Osaka is a Japanese professional tennis player and entrepreneur.,Tennis; sport; fashion,,,,,,,,,,False,2026-09-01,False,draft,2026-09-01,2026-09-01,
P000061,Lewis Hamilton,lewis-hamilton,Public Figure;Influencer,,,Male,Millennial,,,United Kingdom,GB,,,English,Formula One Driver;Entrepreneur,Formula One Driver;Entrepreneur,Sports;Fashion;Business,Sports;Fashion;Business,Formula One; motorsport; fashion,Formula One; motorsport; fashion,,,,,Global,Lewis Hamilton is a British Formula One driver and entrepreneur with a global cultural presence.,Lewis Hamilton is a British Formula One driver and entrepreneur with a global cultural presence.,Formula One; motorsport; fashion,,,,,,,,,,False,2026-09-01,False,draft,2026-09-01,2026-09-01,
P000062,Max Verstappen,max-verstappen,Public Figure;Influencer,,,Male,Millennial,,,Netherlands,NL,,,English,Formula One Driver,Formula One Driver,Sports,Sports,Formula One; motorsport,Formula One; motorsport,,,,,Global,Max Verstappen is a Dutch Formula One driver and international sports personality.,Max Verstappen is a Dutch Formula One driver and international sports personality.,Formula One; motorsport,,,,,,,,,,False,2026-09-01,False,draft,2026-09-01,2026-09-01,
P000063,Simone Biles,simone-biles,Public Figure;Influencer,,,Female,Gen Z,,,United States,US,,,English,Gymnast;Entrepreneur,Gymnast;Entrepreneur,Sports;Fitness;Business,Sports;Fitness;Business,Gymnastics; fitness; sport,Gymnastics; fitness; sport,,,,,Global,Simone Biles is an American gymnast and global sports figure.,Simone Biles is an American gymnast and global sports figure.,Gymnastics; fitness; sport,,,,,,,,,,False,2026-09-01,False,draft,2026-09-01,2026-09-01,
P000064,David Beckham,david-beckham,Public Figure;Influencer,,,Male,Gen X,,,United Kingdom,GB,,,English,Footballer;Entrepreneur,Footballer;Entrepreneur,Sports;Fashion;Business,Sports;Fashion;Business,Football; fashion; business,Football; fashion; business,,,,,Global,"David Beckham is a British former professional footballer, entrepreneur and global public figure.","David Beckham is a British former professional footballer, entrepreneur and global public figure.",Football; fashion; business,,,,,,,,,,False,2026-09-01,False,draft,2026-09-01,2026-09-01,
R1,Hasan Minhaj,hasan-minhaj,Public Figure,Hasan Minhaj,hasanminhaj,male,,,United States,United States,US,,,English,comedian,comedian,Entertainment,Entertainment,"comedy,media,storytelling",comedy,,,entertainment,global,Comedian and television host known for political and cultural commentary.,Known for stand-up comedy and television work.,,Stand-up comedy; television hosting,,,,,https://hasanminhaj.com,,,,,,,,draft,,,
R2,Trevor Noah,trevor-noah,Public Figure,Trevor Noah,trevornoah,male,,,South Africa,South Africa,ZA,,,English,"comedian,host","comedian,host",Entertainment,Entertainment,"comedy,media,television",comedy,,,entertainment,global,"Comedian, author and television host with a global audience.",Known for comedy and television hosting.,,The Daily Show; stand-up comedy,,,,,https://www.trevornoah.com,,,,,,,,draft,,,
R3,Lilly Wachowski,lilly-wachowski,Public Figure,Lilly Wachowski,,female,,,United States,United States,US,,,English,"filmmaker,writer","filmmaker,writer",Entertainment,Entertainment,"film,science-fiction",film,,,entertainment,global,Filmmaker and writer known for influential science-fiction cinema.,Known for directing and writing major film projects.,,The Matrix; Sense8,,,,,,,,,,,,,draft,,,
R4,Greta Gerwig,greta-gerwig,Public Figure,Greta Gerwig,gretagerwig,female,,,United States,United States,US,,,English,"filmmaker,actor,writer","filmmaker,actor,writer",Entertainment,Entertainment,"film,cinema",film,,,entertainment,global,"Filmmaker, actor and writer known for acclaimed contemporary cinema.",Known for directing and writing major films.,,Barbie; Lady Bird; Little Women,,,,,https://www.gretagerwig.com,,,,,,,,draft,,,
R5,Pedro Pascal,pedro-pascal,Public Figure,Pedro Pascal,pascalispunk,male,,,Chile,Chile,CL,,,"English,Spanish",actor,actor,Entertainment,Entertainment,"acting,television,film",film,,,entertainment,global,Actor known for major film and television roles.,Known for leading roles across film and television.,,The Last of Us; The Mandalorian,,,,,,,,,,,,,draft,,,
R6,Zendaya,zendaya,Public Figure,Zendaya,zendaya,female,,,United States,United States,US,,,English,"actor,singer","actor,singer",Entertainment,Entertainment,"acting,fashion,beauty",film,,,entertainment,global,"Actor, producer and fashion figure with a major global audience.","Known for film, television and fashion.",,Euphoria; Spider-Man; Dune,,,,,,,,,,,,,draft,,,
R7,Billie Eilish,billie-eilish,Public Figure,Billie Eilish,billieeilish,female,,,United States,United States,US,,,English,"musician,singer","musician,singer",Entertainment,Entertainment,"music,pop,culture",music,,,entertainment,global,Singer and songwriter with a globally recognized music career.,Known for distinctive pop music and visual identity.,,Albums and global tours,,,,,https://www.billieeilish.com,,,,,,,,draft,,,
R8,Bad Bunny,bad-bunny,Public Figure,Bad Bunny,badbunnypr,male,,,Puerto Rico,Puerto Rico,PR,,,"Spanish,English","musician,rapper","musician,rapper",Entertainment,Entertainment,"music,latin,pop,culture",music,,,entertainment,global,Puerto Rican artist with major global influence in music and culture.,Known for Latin music and cross-cultural impact.,,Music releases and global tours,,,,,https://www.badbunny.com,,,,,,,,draft,,,
R9,Anitta,anitta,Public Figure,Anitta,anitta,female,,,Brazil,Brazil,BR,,,"Portuguese,English,Spanish","singer,entrepreneur","singer,entrepreneur",Entertainment,Entertainment,"music,latin,beauty,culture",music,,,entertainment,global,Brazilian singer and entrepreneur with international reach.,Known for music and global entertainment collaborations.,,Music and international campaigns,,,,,https://www.anitta.com.br,,,,,,,,draft,,,
R10,Rihanna,rihanna,Public Figure,Rihanna,badgalriri,female,,,Barbados,Barbados,BB,,,English,"musician,entrepreneur","musician,entrepreneur",Entertainment,Entertainment,"music,fashion,beauty,entrepreneurship",music,,,entertainment,global,"Barbadian musician and entrepreneur with major influence across entertainment, beauty and fashion.",Known for music and building major consumer brands.,,Music; beauty and fashion ventures,,,,,https://www.rihannanow.com,,,,,,,,draft,,,
R11,Emma Watson,emma-watson,Public Figure,Emma Watson,emmawatson,female,,,United Kingdom,United Kingdom,GB,,,"English,French","actor,activist","actor,activist",Entertainment,Entertainment,"acting,fashion,education",film,,,entertainment,global,Actor and public figure known for film work and advocacy.,Known for major film roles and public-interest work.,,Harry Potter; film and fashion,,,,,,,,,,,,,draft,,,
R12,Dua Lipa,dua-lipa,Public Figure,Dua Lipa,dualipa,female,,,United Kingdom,United Kingdom,GB,,,"English,Albanian",singer,singer,Entertainment,Entertainment,"music,pop,fashion",music,,,entertainment,global,Singer and songwriter with a major international audience.,Known for global pop music and cultural influence.,,Music releases and tours,,,,,https://www.dualipa.com,,,,,,,,draft,,,
R13,Central Cee,central-cee,Influencer,Central Cee,centralcee,male,,,United Kingdom,United Kingdom,GB,,,English,"rapper,musician","rapper,musician",Entertainment,Entertainment,"music,hip-hop,culture",music,,,entertainment,global,British rapper and creator with a strong international audience.,Known for UK rap and global music reach.,,Music releases and collaborations,,,,,,,,,,,,,draft,,,
R14,KSI,ksi-global,Influencer,"KSI,Olajide Olatunji",ksi,male,,,United Kingdom,United Kingdom,GB,,,English,"creator,boxer,musician,entrepreneur","creator,boxer,musician,entrepreneur",Entertainment,Entertainment,"gaming,boxing,music,creator-economy",gaming,,,entertainment,global,"Creator, entertainer and entrepreneur with influence across digital media and sport.","Known for online video, music, boxing and business ventures.",,YouTube; boxing; Prime Hydration,,,,,https://www.ksi.com,,,,,,,,draft,,,
R15,Imaan Hammam,imaan-hammam,Public Figure,Imaan Hammam,imaanhammam,female,,,Netherlands,Netherlands,NL,,,"Dutch,English",model,model,Fashion & Beauty,Fashion & Beauty,"fashion,modeling,beauty",fashion,,,entertainment,global,International fashion model known for major editorial and runway work.,Known for fashion campaigns and magazine appearances.,,International modeling,,,,,,,,,,,,,draft,,,
R16,Nikkie de Jager,nikkie-de-jager,Influencer,"NikkieTutorials,Nikkie de Jager",nikkietutorials,female,,,Netherlands,Netherlands,NL,,,"Dutch,English","beauty creator,makeup artist","beauty creator,makeup artist",Fashion & Beauty,Fashion & Beauty,"beauty,makeup,fashion",beauty,,,entertainment,global,Beauty creator and makeup artist known for tutorials and beauty content.,Known for makeup education and digital beauty content.,,NikkieTutorials,,,,,https://www.nikkietutorials.com,,,,,,,,draft,,,
R17,Lele Pons,lele-pons,Influencer,Lele Pons,lelepons,female,,,Venezuela,Venezuela,VE,,,"Spanish,English","creator,entertainer","creator,entertainer",Entertainment,Entertainment,"comedy,creator-economy,latin-culture",comedy,,,entertainment,global,Venezuelan-American creator and entertainer with a large international audience.,"Known for comedy, music and digital entertainment.",,Digital comedy and entertainment,,,,,https://www.lelepons.com,,,,,,,,draft,,,
R18,Luisito Comunica,luisito-comunica,Influencer,"Luisito Comunica,Luis Arturo Villar Sudek",luisitocomunica,male,,,Mexico,Mexico,MX,,,Spanish,"creator,travel creator","creator,travel creator",Travel & Hospitality,Travel & Hospitality,"travel,culture,food,creator-economy",travel,,,entertainment,global,"Mexican creator known for travel, culture and documentary-style digital content.",Known for international travel and cultural storytelling.,,Travel videos and digital media,,,,,https://www.luisitocomunica.com,,,,,,,,draft,,,
R19,Yuya,yuya,Influencer,"Yuya,Mariand Castrejón",yuyacst,female,,,Mexico,Mexico,MX,,,Spanish,"beauty creator,entrepreneur","beauty creator,entrepreneur",Fashion & Beauty,Fashion & Beauty,"beauty,lifestyle,entrepreneurship",beauty,,,entertainment,global,Mexican beauty and lifestyle creator and entrepreneur.,Known for beauty and lifestyle content.,,Beauty and lifestyle media,,,,,https://www.yuya.com,,,,,,,,draft,,,
R21,IJustine,ijustine,Influencer,"iJustine,Justine Ezarik",ijustine,female,,,United States,United States,US,,,English,"creator,technology personality","creator,technology personality",Technology,Technology,"technology,gadgets,gaming,creator-economy",technology,,,entertainment,global,Technology creator known for accessible coverage of gadgets and digital culture.,Known for technology videos and product coverage.,,Technology and consumer electronics,,,,,https://ijustine.com,,,,,,,,draft,,,
R22,Sara Dietschy,sara-dietschy,Influencer,Sara Dietschy,saradietschy,female,,,United States,United States,US,,,English,"creator,filmmaker","creator,filmmaker",Technology,Technology,"creator-economy,technology,filmmaking",technology,,,entertainment,global,"Creator and filmmaker focused on technology, creativity and digital work.",Known for creator-focused technology and production content.,,Digital creator education,,,,,https://saradietschy.com,,,,,,,,draft,,,
R23,Thomas Frank,thomas-frank,Influencer,Thomas Frank,thomasfrank,male,,,United States,United States,US,,,English,"creator,educator,entrepreneur","creator,educator,entrepreneur",Education,Education,"productivity,education,notion,creator-economy",education,,,entertainment,global,Creator and entrepreneur known for productivity and education content.,Known for productivity systems and educational media.,,Productivity and creator education,,,,,https://thomasjfrank.com,,,,,,,,draft,,,
R25,Safiya Nygaard,safiya-nygaard,Influencer,Safiya Nygaard,safiyanygaard,female,,,United States,United States,US,,,English,creator,creator,Fashion & Beauty,Fashion & Beauty,"beauty,lifestyle,experiments,creator-economy",lifestyle,,,entertainment,global,"Creator known for experimental beauty, fashion and lifestyle content.",Known for distinctive long-form digital experiments.,,YouTube creator work,,,,,,,,,,,,,draft,,,
R26,Zach Choi,zach-choi,Influencer,Zach Choi,zachchoi,male,,,United States,United States,US,,,English,food creator,food creator,Food & Beverage,Food & Beverage,"food,mukbang,creator-economy",food,,,entertainment,global,Food creator known for highly visual eating and cooking content.,Known for mukbang and food videos.,,Food videos,,,,,,,,,,,,,draft,,,
R27,Nick DiGiovanni,nick-digiovanni,Influencer,Nick DiGiovanni,nick.digiovanni,male,,,United States,United States,US,,,English,"chef,creator","chef,creator",Food & Beverage,Food & Beverage,"food,cooking,chef,creator-economy",food,,,entertainment,global,"Chef and creator known for accessible, highly shareable cooking content.",Known for food education and digital cooking videos.,,Cooking content and collaborations,,,,,https://nickdigiovanni.com,,,,,,,,draft,,,
R28,Molly Baz,molly-baz,Influencer,Molly Baz,mollybaz,female,,,United States,United States,US,,,English,"chef,author,creator","chef,author,creator",Food & Beverage,Food & Beverage,"food,cooking,recipes,creator-economy",food,,,entertainment,global,"Chef, author and creator known for approachable cooking education.","Known for recipes, cookbooks and food media.",,Cookbooks and cooking media,,,,,https://mollybaz.com,,,,,,,,draft,,,
R29,Ali Wong,ali-wong,Public Figure,Ali Wong,aliwong,female,,,United States,United States,US,,,English,"comedian,actor,writer","comedian,actor,writer",Entertainment,Entertainment,"comedy,acting,writing",comedy,,,entertainment,global,"Comedian, actor and writer known for stand-up and television work.",Known for comedy specials and screen roles.,,Stand-up comedy and television,,,,,,,,,,,,,draft,,,
R31,Nuseir Yassin,nuseir-yassin,Influencer,"Nas Daily,Nuseir Yassin",nasdaily,male,,,Israel,Israel,IL,,,"English,Arabic","creator,entrepreneur","creator,entrepreneur",Media,Media,"travel,storytelling,creator-economy,entrepreneurship",travel,,,entertainment,global,Creator and entrepreneur known for concise travel and human-interest storytelling.,Known for digital storytelling and media entrepreneurship.,,Nas Daily,,,,,https://www.nasdaily.com,,,,,,,,draft,,,
R32,Kara and Nate,kara-and-nate,Influencer,Kara and Nate,karaandnate,female,,,United States,United States,US,,,English,travel creators,travel creators,Travel & Hospitality,Travel & Hospitality,"travel,tourism,creator-economy",travel,,,entertainment,global,Travel creator duo known for documenting destinations and travel experiences.,Known for travel videos and destination storytelling.,,Travel channel,,,,,https://karaandnate.com,,,,,,,,draft,,,
R33,Drew Binsky,drew-binsky,Influencer,Drew Binsky,drewbinsky,male,,,United States,United States,US,,,English,travel creator,travel creator,Travel & Hospitality,Travel & Hospitality,"travel,culture,geography,creator-economy",travel,,,entertainment,global,Travel creator known for visiting countries and sharing cultural stories.,Known for global travel content.,,Travel videos,,,,,https://drewbinsky.com,,,,,,,,draft,,,
R35,Cal Newport,cal-newport,Public Figure,Cal Newport,calnewport,male,,,United States,United States,US,,,English,"author,professor","author,professor",Education,Education,"productivity,deep-work,education",education,,,professional,global,"Author and professor known for research and writing on work, focus and productivity.",Known for Deep Work and digital productivity ideas.,,Deep Work; Digital Minimalism,,,,,https://calnewport.com,,,,,,,,draft,,,
R36,Adam Grant,adam-grant,Public Figure,Adam Grant,adamgrant,male,,,United States,United States,US,,,English,"psychologist,author,professor","psychologist,author,professor",Business & Finance,Business & Finance,"workplace,leadership,psychology,education",education,,,professional,global,Organizational psychologist and author known for research on work and leadership.,"Known for books, research and workplace commentary.",,Think Again; Give and Take,,,,,https://adamgrant.net,,,,,,,,draft,,,
R39,Andrew Huberman,andrew-huberman,Public Figure,Andrew Huberman,hubermanlab,male,,,United States,United States,US,,,English,"neuroscientist,professor,host","neuroscientist,professor,host",Science & Education,Science & Education,"neuroscience,learning,performance,education",science,,,professional,global,Neuroscientist and educator known for science communication.,Known for the Huberman Lab podcast and neuroscience education.,,Huberman Lab,,,,,https://www.hubermanlab.com,,,,,,,,draft,,,
R40,Neil deGrasse Tyson,neil-degrasse-tyson,Public Figure,Neil deGrasse Tyson,neildegrassetyson,male,,,United States,United States,US,,,English,"astrophysicist,author,host","astrophysicist,author,host",Science & Education,Science & Education,"astronomy,science,education,media",science,,,professional,global,Astrophysicist and science communicator known for making astronomy accessible to broad audiences.,Known for science communication and television.,,Cosmos; StarTalk,,,,,https://neildegrassetyson.com,,,,,,,,draft,,,
R41,Veritasium,veritasium,Influencer,"Veritasium,Derek Muller",veritasium,male,,,Australia,Australia,AU,,,English,"science creator,educator","science creator,educator",Science & Education,Science & Education,"science,physics,education,creator-economy",science,,,professional,global,"Science education channel known for experiments, explanations and scientific storytelling.",Known for educational science videos.,,Veritasium,,,,,https://www.veritasium.com,,,,,,,,draft,,,
R42,Kurzgesagt,kurzgesagt,Influencer,Kurzgesagt – In a Nutshell,kurzgesagt,other,,,Germany,Germany,DE,,,"English,German","science media,education creator","science media,education creator",Science & Education,Science & Education,"science,animation,education,creator-economy",science,,,professional,global,German science media brand known for animated educational storytelling.,Known for accessible science explainers.,,Kurzgesagt,,,,,https://kurzgesagt.org,,,,,,,,draft,,,
R43,Hikakin,hikakin,Influencer,"Hikakin,Hikaru Kaihatsu",hikakin,male,,,Japan,Japan,JP,,,Japanese,"creator,musician","creator,musician",Entertainment,Entertainment,"entertainment,music,creator-economy",entertainment,,,entertainment,global,Japanese creator and musician with major influence in Japan's digital media ecosystem.,Known for YouTube entertainment and music.,,YouTube creator work,,,,,https://www.hikakin.com,,,,,,,,draft,,,
R44,PewDiePie,pewdiepie-canonical,Public Figure,"PewDiePie,Felix Kjellberg",pewdiepie,male,,,Sweden,Sweden,SE,,,"Swedish,English","creator,gamer","creator,gamer",Gaming & Esports,Gaming & Esports,"gaming,creator-economy,entertainment",gaming,,,entertainment,global,Swedish creator and gamer known for a pioneering role in YouTube culture.,Known for gaming and commentary content.,,PewDiePie,,,,,https://www.youtube.com/@PewDiePie,,,,,,,,draft,,,
R45,Faker,faker,Public Figure,"Faker,Lee Sang-hyeok",faker,male,,,South Korea,South Korea,KR,,,"Korean,English",professional gamer,professional gamer,Gaming & Esports,Gaming & Esports,"league-of-legends,esports,gaming",esports,,,entertainment,global,South Korean esports player widely recognized for competitive League of Legends.,Known for elite esports competition.,,League of Legends,,,,,,,,,,,,,draft,,,
R46,S1mple,s1mple,Public Figure,"s1mple,Oleksandr Kostyliev",s1mple,male,,,Ukraine,Ukraine,UA,,,"Ukrainian,English",professional gamer,professional gamer,Gaming & Esports,Gaming & Esports,"counter-strike,esports,gaming",esports,,,entertainment,global,Ukrainian esports player known for elite Counter-Strike competition.,Known for professional Counter-Strike.,,Counter-Strike,,,,,,,,,,,,,draft,,,
R47,Iga Świątek,iga-swiatek,Public Figure,Iga Świątek,iga.swiatek,female,,,Poland,Poland,PL,,,"Polish,English",professional tennis player,professional tennis player,Sports,Sports,"tennis,sport,athletics",tennis,,,sports,global,Polish professional tennis player and international sports figure.,Known for elite tennis competition.,,Professional tennis,,,,,https://igaswiatek.com,,,,,,,,draft,,,
R48,Carlos Alcaraz,carlos-alcaraz,Public Figure,Carlos Alcaraz,carlitosalcarazz,male,,,Spain,Spain,ES,,,"Spanish,English",professional tennis player,professional tennis player,Sports,Sports,"tennis,sport,athletics",tennis,,,sports,global,Spanish professional tennis player with a major international profile.,Known for elite tennis competition.,,Professional tennis,,,,,,,,,,,,,draft,,,
R49,Jannik Sinner,jannik-sinner,Public Figure,Jannik Sinner,janniksin,male,,,Italy,Italy,IT,,,"Italian,English",professional tennis player,professional tennis player,Sports,Sports,"tennis,sport,athletics",tennis,,,sports,global,Italian professional tennis player with global recognition.,Known for elite tennis competition.,,Professional tennis,,,,,https://janniksinner.com,,,,,,,,draft,,,
R50,Coco Gauff,coco-gauff,Public Figure,Coco Gauff,cocogauff,female,,,United States,United States,US,,,English,professional tennis player,professional tennis player,Sports,Sports,"tennis,sport,athletics",tennis,,,sports,global,American professional tennis player and major sports personality.,Known for elite tennis competition.,,Professional tennis,,,,,https://www.cocogauff.com,,,,,,,,draft,,,
R51,Lando Norris,lando-norris,Public Figure,Lando Norris,landonorris,male,,,United Kingdom,United Kingdom,GB,,,English,Formula 1 driver,Formula 1 driver,Sports,Sports,"formula-1,motorsport,racing",motorsport,,,sports,global,British Formula 1 driver with a major international fanbase.,Known for Formula 1 racing.,,Formula 1,,,,,,,,,,,,,draft,,,
R52,Charles Leclerc,charles-leclerc,Public Figure,Charles Leclerc,charles_leclerc,male,,,Monaco,Monaco,MC,,,"French,English,Italian",Formula 1 driver,Formula 1 driver,Sports,Sports,"formula-1,motorsport,racing",motorsport,,,sports,global,Monegasque Formula 1 driver and international sports personality.,Known for Formula 1 racing.,,Formula 1,,,,,,,,,,,,,draft,,,
R53,Oscar Piastri,oscar-piastri,Public Figure,Oscar Piastri,oscarpiastri,male,,,Australia,Australia,AU,,,English,Formula 1 driver,Formula 1 driver,Sports,Sports,"formula-1,motorsport,racing",motorsport,,,sports,global,Australian Formula 1 driver competing on the international motorsport stage.,Known for Formula 1 racing.,,Formula 1,,,,,,,,,,,,,draft,,,
R54,Katie Ledecky,katie-ledecky,Public Figure,Katie Ledecky,katieledecky,female,,,United States,United States,US,,,English,swimmer,swimmer,Sports,Sports,"swimming,olympics,athletics",swimming,,,sports,global,American swimmer and multiple-time Olympic champion.,Known for elite competitive swimming.,,Olympic swimming,,,,,https://katieledecky.com,,,,,,,,draft,,,
R55,Sha'Carri Richardson,shacarri-richardson,Public Figure,Sha'Carri Richardson,carririchardson_,female,,,United States,United States,US,,,English,sprinter,sprinter,Sports,Sports,"track-and-field,sprinting,olympics",athletics,,,sports,global,American sprinter and international track-and-field personality.,Known for elite sprinting competition.,,Track and field,,,,,,,,,,,,,draft,,,
R56,Ilona Maher,ilona-maher,Influencer,Ilona Maher,ilonamaher,female,,,United States,United States,US,,,English,"rugby player,creator","rugby player,creator",Sports,Sports,"rugby,women-in-sport,creator-economy",rugby,,,sports,global,American rugby player and creator who has expanded the visibility of women's sport online.,Known for rugby and sports-focused social content.,,Rugby and digital media,,,,,,,,,,,,,draft,,,
R57,Allyson Felix,allyson-felix,Public Figure,Allyson Felix,allysonfelix,female,,,United States,United States,US,,,English,"sprinter,entrepreneur","sprinter,entrepreneur",Sports,Sports,"track-and-field,womens-sports,entrepreneurship",athletics,,,sports,global,Former elite sprinter and entrepreneur known for leadership in sport and business.,Known for Olympic athletics and advocacy for athletes.,,Olympic athletics; entrepreneurship,,,,,https://www.allysonfelix.com,,,,,,,,draft,,,
R58,Son Heung-min,son-heung-min,Public Figure,Son Heung-min,hm_son7,male,,,South Korea,South Korea,KR,,,"Korean,English",footballer,footballer,Sports,Sports,"football,soccer,sport",football,,,sports,global,South Korean professional footballer with a major international profile.,Known for elite football competition.,,Professional football,,,,,,,,,,,,,draft,,,
R59,Marta Vieira da Silva,marta,Public Figure,"Marta,Marta Vieira da Silva",martavsilva10,female,,,Brazil,Brazil,BR,,,"Portuguese,English",footballer,footballer,Sports,Sports,"football,soccer,womens-sports",football,,,sports,global,Brazilian football legend and prominent figure in women's sport.,Known for elite women's football.,,Professional football,,,,,,,,,,,,,draft,,,
R60,Alex Morgan,alex-morgan,Public Figure,Alex Morgan,alexmorgan13,female,,,United States,United States,US,,,English,"footballer,entrepreneur","footballer,entrepreneur",Sports,Sports,"football,soccer,womens-sports,entrepreneurship",football,,,sports,global,American football figure and entrepreneur known for international impact in women's sport.,Known for elite football and sports leadership.,,Professional football,,,,,https://www.alexmorgan.com,,,,,,,,draft,,,
R61,Mary Earps,mary-earps,Public Figure,Mary Earps,maryearps,female,,,United Kingdom,United Kingdom,GB,,,English,footballer,footballer,Sports,Sports,"football,soccer,womens-sports",football,,,sports,global,English football goalkeeper and prominent advocate for women's sport.,Known for elite football and sports visibility.,,Professional football,,,,,,,,,,,,,draft,,,
R62,Megan Rapinoe,megan-rapinoe,Public Figure,Megan Rapinoe,mrapinoe,female,,,United States,United States,US,,,English,"footballer,activist","footballer,activist",Sports,Sports,"football,soccer,womens-sports,sports-culture",football,,,sports,global,Former American footballer and prominent sports and cultural figure.,Known for elite football and advocacy around women's sport.,,Professional football,,,,,,,,,,,,,draft,,,
R63,Neymar Jr.,neymar-jr-canonical,Public Figure,"Neymar,Neymar Jr.",neymarjr,male,,,Brazil,Brazil,BR,,,"Portuguese,English",footballer,footballer,Sports,Sports,"football,soccer,sport,fashion",football,,,sports,global,Brazilian footballer and globally recognized sports personality.,Known for elite football and global sports culture.,,Professional football,,,,,https://www.neymarjr.com,,,,,,,,draft,,,
R64,Virat Kohli,virat-kohli-canonical,Public Figure,Virat Kohli,virat.kohli,male,,,India,India,IN,,,"Hindi,English","cricketer,entrepreneur","cricketer,entrepreneur",Sports,Sports,"cricket,sport,fitness,entrepreneurship",cricket,,,sports,global,Indian cricketer and entrepreneur with a major global audience.,Known for elite cricket and sports entrepreneurship.,,International cricket,,,,,,,,,,,,,draft,,,
R65,Babar Azam,babar-azam,Public Figure,Babar Azam,babarazam,male,,,Pakistan,Pakistan,PK,,,"Urdu,English",cricketer,cricketer,Sports,Sports,"cricket,sport",cricket,,,sports,global,Pakistani cricketer and international sports personality.,Known for elite cricket competition.,,International cricket,,,,,,,,,,,,,draft,,,
R66,Smriti Mandhana,smriti-mandhana,Public Figure,Smriti Mandhana,smritimandhana,female,,,India,India,IN,,,"Hindi,English",cricketer,cricketer,Sports,Sports,"cricket,womens-sports",cricket,,,sports,global,Indian cricketer and prominent figure in women's cricket.,Known for elite cricket competition.,,International cricket,,,,,,,,,,,,,draft,,,
R67,Manny Pacquiao,manny-pacquiao,Public Figure,Manny Pacquiao,mannypacquiao,male,,,Philippines,Philippines,PH,,,"Filipino,English","boxer,public figure","boxer,public figure",Sports,Sports,"boxing,sport,entrepreneurship",boxing,,,sports,global,Filipino boxing champion and internationally recognized public figure.,Known for elite boxing and public life.,,Professional boxing,,,,,,,,,,,,,draft,,,
R68,Canelo Álvarez,canelo-alvarez,Public Figure,"Canelo Álvarez,Saúl Álvarez",canelo,male,,,Mexico,Mexico,MX,,,"Spanish,English",boxer,boxer,Sports,Sports,"boxing,sport",boxing,,,sports,global,Mexican professional boxer and international sports personality.,Known for elite professional boxing.,,Professional boxing,,,,,,,,,,,,,draft,,,
R69,Francis Ngannou,francis-ngannou,Public Figure,Francis Ngannou,francis_ngannou,male,,,Cameroon,Cameroon,CM,,,"French,English","fighter,entrepreneur","fighter,entrepreneur",Sports,Sports,"mma,boxing,sport,entrepreneurship",mma,,,sports,global,Cameroonian fighter and entrepreneur known for elite combat sports competition.,Known for MMA and professional boxing.,,Combat sports,,,,,,,,,,,,,draft,,,
R70,Israel Adesanya,israel-adesanya,Public Figure,Israel Adesanya,stylebender,male,,,New Zealand,New Zealand,NZ,,,English,mma fighter,mma fighter,Sports,Sports,"mma,ufc,sport",mma,,,sports,global,New Zealand-based mixed martial artist with a global combat-sports profile.,Known for professional MMA competition.,,MMA,,,,,,,,,,,,,draft,,,
R71,Simone Biles,simone-biles-canonical,Public Figure,Simone Biles,simonebiles,female,,,United States,United States,US,,,English,gymnast,gymnast,Sports,Sports,"gymnastics,olympics,womens-sports",gymnastics,,,sports,global,American gymnast and one of the most recognizable figures in modern sport.,Known for elite gymnastics and Olympic competition.,,Olympic gymnastics,,,,,https://www.simonebiles.com,,,,,,,,draft,,,
R72,Naomi Osaka,naomi-osaka-canonical,Public Figure,Naomi Osaka,naomiosaka,female,,,Japan,Japan,JP,,,"Japanese,English","tennis player,entrepreneur","tennis player,entrepreneur",Sports,Sports,"tennis,womens-sports,entrepreneurship,fashion",tennis,,,sports,global,Japanese professional tennis player and entrepreneur with global cultural influence.,Known for elite tennis and business ventures.,,Professional tennis,,,,,https://naomiosaka.com,,,,,,,,draft,,,
R73,Lewis Hamilton,lewis-hamilton-canonical,Public Figure,Lewis Hamilton,lewishamilton,male,,,United Kingdom,United Kingdom,GB,,,English,"Formula 1 driver,entrepreneur","Formula 1 driver,entrepreneur",Sports,Sports,"formula-1,motorsport,racing,fashion,entrepreneurship",motorsport,,,sports,global,British Formula 1 driver and entrepreneur with broad cultural influence.,Known for Formula 1 and fashion/business interests.,,Formula 1,,,,,https://www.lewishamilton.com,,,,,,,,draft,,,
R74,Max Verstappen,max-verstappen-canonical,Public Figure,Max Verstappen,maxverstappen1,male,,,Netherlands,Netherlands,NL,,,"Dutch,English",Formula 1 driver,Formula 1 driver,Sports,Sports,"formula-1,motorsport,racing",motorsport,,,sports,global,Dutch Formula 1 driver and internationally recognized sports personality.,Known for Formula 1 racing.,,Formula 1,,,,,,,,,,,,,draft,,,
R75,Stephen Curry,stephen-curry-canonical,Public Figure,Stephen Curry,stephencurry30,male,,,United States,United States,US,,,English,"basketball player,entrepreneur","basketball player,entrepreneur",Sports,Sports,"basketball,sport,entrepreneurship",basketball,,,sports,global,American basketball player and entrepreneur with major global influence.,Known for elite basketball and business ventures.,,NBA basketball,,,,,https://www.underratedgolf.com,,,,,,,,draft,,,
R76,Giannis Antetokounmpo,giannis-antetokounmpo,Public Figure,Giannis Antetokounmpo,giannis_an34,male,,,Greece,Greece,GR,,,"Greek,English","basketball player,entrepreneur","basketball player,entrepreneur",Sports,Sports,"basketball,sport,entrepreneurship",basketball,,,sports,global,Greek professional basketball player and international sports personality.,Known for elite basketball competition.,,NBA basketball,,,,,,,,,,,,,draft,,,
R77,Luka Dončić,luka-doncic,Public Figure,Luka Dončić,lukadoncic,male,,,Slovenia,Slovenia,SI,,,"Slovenian,English",basketball player,basketball player,Sports,Sports,"basketball,sport",basketball,,,sports,global,Slovenian professional basketball player with a major international following.,Known for elite basketball.,,NBA basketball,,,,,,,,,,,,,draft,,,
R78,A'ja Wilson,aja-wilson,Public Figure,A'ja Wilson,aja22wilson,female,,,United States,United States,US,,,English,basketball player,basketball player,Sports,Sports,"basketball,womens-sports,sport",basketball,,,sports,global,American professional basketball player and prominent figure in women's sport.,Known for elite basketball competition.,,WNBA basketball,,,,,,,,,,,,,draft,,,
R79,Caitlin Clark,caitlin-clark,Public Figure,Caitlin Clark,caitlinclark22,female,,,United States,United States,US,,,English,basketball player,basketball player,Sports,Sports,"basketball,womens-sports,sport",basketball,,,sports,global,American professional basketball player with major cultural and sports visibility.,Known for elite basketball competition.,,WNBA and collegiate basketball,,,,,,,,,,,,,draft,,,
R80,David Beckham,david-beckham-canonical,Public Figure,David Beckham,davidbeckham,male,,,United Kingdom,United Kingdom,GB,,,English,"former footballer,entrepreneur","former footballer,entrepreneur",Sports,Sports,"football,soccer,fashion,entrepreneurship",football,,,sports,global,Former English footballer and entrepreneur with enduring global cultural influence.,"Known for football, fashion and business ventures.",,Professional football; business,,,,,https://www.davidbeckham.com,,,,,,,,draft,,,
R81,Huda Kattan,huda-kattan-canonical,Influencer,"Huda Kattan,Huda Beauty",hudabeauty,female,,,,United States,US,,,"English,Arabic","beauty entrepreneur,creator","beauty entrepreneur,creator",Fashion & Beauty,"beauty,business,fashion","beauty,makeup,entrepreneurship,creator-economy","beauty,makeup,entrepreneurship,creator-economy",,,beauty,professional,global,Huda Kattan is a globally recognized beauty entrepreneur with influence across fashion & beauty and digital media.,,"Known for beauty, makeup, entrepreneurship, creator-economy.",,,,,,,,,,,,,draft,,,
R82,NikkieTutorials,nikkietutorials-canonical,Influencer,"NikkieTutorials,Nikkie de Jager",nikkietutorials,female,,,,Netherlands,NL,,,"Dutch,English","beauty creator,makeup artist","beauty creator,makeup artist",Fashion & Beauty,"beauty,fashion","beauty,makeup,creator-economy","beauty,makeup,creator-economy",,,beauty,professional,global,NikkieTutorials is a globally recognized beauty creator with influence across fashion & beauty and digital media.,,"Known for beauty, makeup, creator-economy.",,,,,,,,,,,,,draft,,,
R83,Marques Brownlee,mkbhd-canonical,Influencer,"Marques Brownlee,MKBHD",mkbhd,male,,,,United States,US,,,English,"technology creator,host","technology creator,host",Technology,"technology,media","technology,gadgets,consumer-electronics,creator-economy","technology,gadgets,consumer-electronics,creator-economy",,,technology,professional,global,Marques Brownlee is a globally recognized technology creator with influence across technology and digital media.,,"Known for technology, gadgets, consumer-electronics, creator-economy.",,,,,,,,,,,,,draft,,,
R85,iJustine,ijustine-canonical,Influencer,"iJustine,Justine Ezarik",ijustine,female,,,,United States,US,,,English,technology creator,technology creator,Technology,"technology,gaming,media","technology,gadgets,gaming,creator-economy","technology,gadgets,gaming,creator-economy",,,technology,professional,global,iJustine is a globally recognized technology creator with influence across technology and digital media.,,"Known for technology, gadgets, gaming, creator-economy.",,,,,,,,,,,,,draft,,,
R86,Sara Dietschy,sara-dietschy-canonical,Influencer,Sara Dietschy,saradietschy,female,,,,United States,US,,,English,"creator,filmmaker","creator,filmmaker",Technology,"technology,media,creator-economy","creator-economy,technology,filmmaking","creator-economy,technology,filmmaking",,,technology,professional,global,Sara Dietschy is a globally recognized creator with influence across technology and digital media.,,"Known for creator-economy, technology, filmmaking.",,,,,,,,,,,,,draft,,,
R87,Rhett McLaughlin,rhett-mclaughlin,Public Figure,Rhett McLaughlin,rhettmc,male,,,,United States,US,,,English,"creator,host,entrepreneur","creator,host,entrepreneur",Entertainment,"entertainment,media,business","comedy,media,creator-economy,entrepreneurship","comedy,media,creator-economy,entrepreneurship",,,comedy,entertainment,global,Rhett McLaughlin is a globally recognized creator with influence across entertainment and digital media.,,"Known for comedy, media, creator-economy, entrepreneurship.",,,,,,,,,,,,,draft,,,
R88,Link Neal,link-neal,Public Figure,Link Neal,linkneal,male,,,,United States,US,,,English,"creator,host,entrepreneur","creator,host,entrepreneur",Entertainment,"entertainment,media,business","comedy,media,creator-economy,entrepreneurship","comedy,media,creator-economy,entrepreneurship",,,comedy,entertainment,global,Link Neal is a globally recognized creator with influence across entertainment and digital media.,,"Known for comedy, media, creator-economy, entrepreneurship.",,,,,,,,,,,,,draft,,,
R89,Mark Rober,mark-rober,Influencer,Mark Rober,markrober,male,,,,United States,US,,,English,"engineer,science creator","engineer,science creator",Science & Education,"science,technology,education","engineering,science,education,creator-economy","engineering,science,education,creator-economy",,,science,professional,global,Mark Rober is a globally recognized engineer with influence across science & education and digital media.,,"Known for engineering, science, education, creator-economy.",,,,,,,,,,,,,draft,,,
R90,James Charles,james-charles,Influencer,James Charles,jamescharles,male,,,,United States,US,,,English,"beauty creator,makeup artist","beauty creator,makeup artist",Fashion & Beauty,"beauty,fashion,entertainment","beauty,makeup,creator-economy","beauty,makeup,creator-economy",,,beauty,professional,global,James Charles is a globally recognized beauty creator with influence across fashion & beauty and digital media.,,"Known for beauty, makeup, creator-economy.",,,,,,,,,,,,,draft,,,
R91,Jaclyn Hill,jaclyn-hill,Influencer,Jaclyn Hill,jaclyn,female,,,,United States,US,,,English,"beauty creator,entrepreneur","beauty creator,entrepreneur",Fashion & Beauty,"beauty,business","beauty,makeup,entrepreneurship","beauty,makeup,entrepreneurship",,,beauty,professional,global,Jaclyn Hill is a globally recognized beauty creator with influence across fashion & beauty and digital media.,,"Known for beauty, makeup, entrepreneurship.",,,,,,,,,,,,,draft,,,
R92,Desi Perkins,desi-perkins,Influencer,Desi Perkins,desiperkins,female,,,,United States,US,,,"English,Spanish","beauty creator,entrepreneur","beauty creator,entrepreneur",Fashion & Beauty,"beauty,fashion,business","beauty,makeup,fashion,entrepreneurship","beauty,makeup,fashion,entrepreneurship",,,beauty,professional,global,Desi Perkins is a globally recognized beauty creator with influence across fashion & beauty and digital media.,,"Known for beauty, makeup, fashion, entrepreneurship.",,,,,,,,,,,,,draft,,,
R93,Camila Coelho,camila-coelho-canonical,Influencer,Camila Coelho,camilacoelho,female,,,,Brazil,BR,,,"Portuguese,English","fashion creator,entrepreneur","fashion creator,entrepreneur",Fashion & Beauty,"fashion,beauty,business","fashion,beauty,entrepreneurship,creator-economy","fashion,beauty,entrepreneurship,creator-economy",,,fashion,professional,global,Camila Coelho is a globally recognized fashion creator with influence across fashion & beauty and digital media.,,"Known for fashion, beauty, entrepreneurship, creator-economy.",,,,,,,,,,,,,draft,,,
R94,Aimee Song,aimee-song,Influencer,"Aimee Song,Song of Style",songofstyle,female,,,,United States,US,,,English,"fashion creator,author","fashion creator,author",Fashion & Beauty,"fashion,beauty,lifestyle","fashion,lifestyle,beauty,creator-economy","fashion,lifestyle,beauty,creator-economy",,,fashion,professional,global,Aimee Song is a globally recognized fashion creator with influence across fashion & beauty and digital media.,,"Known for fashion, lifestyle, beauty, creator-economy.",,,,,,,,,,,,,draft,,,
R95,Chiara Ferragni,chiara-ferragni-canonical,Public Figure,Chiara Ferragni,chiaraferragni,female,,,,Italy,IT,,,"Italian,English","fashion entrepreneur,creator","fashion entrepreneur,creator",Fashion & Beauty,"fashion,beauty,business","fashion,beauty,entrepreneurship,creator-economy","fashion,beauty,entrepreneurship,creator-economy",,,fashion,professional,global,Chiara Ferragni is a globally recognized fashion entrepreneur with influence across fashion & beauty and digital media.,,"Known for fashion, beauty, entrepreneurship, creator-economy.",,,,,,,,,,,,,draft,,,
R96,Negin Mirsalehi,negin-mirsalehi-canonical,Influencer,Negin Mirsalehi,negin_mirsalehi,female,,,,Netherlands,NL,,,"Dutch,English","fashion creator,entrepreneur","fashion creator,entrepreneur",Fashion & Beauty,"fashion,beauty,business","fashion,beauty,entrepreneurship,creator-economy","fashion,beauty,entrepreneurship,creator-economy",,,fashion,professional,global,Negin Mirsalehi is a globally recognized fashion creator with influence across fashion & beauty and digital media.,,"Known for fashion, beauty, entrepreneurship, creator-economy.",,,,,,,,,,,,,draft,,,
R97,Manny Gutierrez,manny-gutierrez,Influencer,"Manny MUA,Manny Gutierrez",mannymua733,male,,,,United States,US,,,English,"beauty creator,entrepreneur","beauty creator,entrepreneur",Fashion & Beauty,"beauty,entertainment,business","beauty,makeup,creator-economy","beauty,makeup,creator-economy",,,beauty,professional,global,Manny Gutierrez is a globally recognized beauty creator with influence across fashion & beauty and digital media.,,"Known for beauty, makeup, creator-economy.",,,,,,,,,,,,,draft,,,
R98,Patrick Starrr,patrick-starrr,Influencer,Patrick Starrr,patrickstarrr,male,,,,United States,US,,,English,"beauty creator,makeup artist","beauty creator,makeup artist",Fashion & Beauty,"beauty,fashion,entertainment","beauty,makeup,creator-economy","beauty,makeup,creator-economy",,,beauty,professional,global,Patrick Starrr is a globally recognized beauty creator with influence across fashion & beauty and digital media.,,"Known for beauty, makeup, creator-economy.",,,,,,,,,,,,,draft,,,
R100,Joshua Weissman,joshua-weissman,Influencer,Joshua Weissman,flakeysalt,male,,,,United States,US,,,English,"chef,creator,author","chef,creator,author",Food & Beverage,"food,media","food,cooking,recipes,creator-economy","food,cooking,recipes,creator-economy",,,food,professional,global,Joshua Weissman is a globally recognized chef with influence across food & beverage and digital media.,,"Known for food, cooking, recipes, creator-economy.",,,,,,,,,,,,,draft,,,
R101,Babish,babish,Influencer,"Andrew Rea,Babish Culinary Universe",babishculinaryuniverse,male,,,,United States,US,,,English,"chef,creator,producer","chef,creator,producer",Food & Beverage,"food,media,entertainment","food,cooking,recipes,creator-economy","food,cooking,recipes,creator-economy",,,food,professional,global,Babish is a globally recognized chef with influence across food & beverage and digital media.,,"Known for food, cooking, recipes, creator-economy.",,,,,,,,,,,,,draft,,,
R102,Mina Rome,mina-rome,Influencer,Mina Rome,minarome,female,,,,Germany,DE,,,"German,English",food creator,food creator,Food & Beverage,"food,media","food,cooking,recipes,creator-economy","food,cooking,recipes,creator-economy",,,food,professional,global,Mina Rome is a globally recognized food creator with influence across food & beverage and digital media.,,"Known for food, cooking, recipes, creator-economy.",,,,,,,,,,,,,draft,,,
R103,Dima Bar,dima-bar,Influencer,Dima Bar,dimabar,male,,,,United Arab Emirates,AE,,,"Arabic,English",food creator,food creator,Food & Beverage,"food,media","food,restaurants,travel,creator-economy","food,restaurants,travel,creator-economy",,,food,professional,global,Dima Bar is a globally recognized food creator with influence across food & beverage and digital media.,,"Known for food, restaurants, travel, creator-economy.",,,,,,,,,,,,,draft,,,
R104,Nas Daily,nas-daily-canonical,Influencer,"Nas Daily,Nuseir Yassin",nasdaily,male,,,,Israel,IL,,,"English,Arabic","creator,entrepreneur","creator,entrepreneur",Media,"media,travel,business","travel,storytelling,creator-economy,entrepreneurship","travel,storytelling,creator-economy,entrepreneurship",,,travel,professional,global,Nas Daily is a globally recognized creator with influence across media and digital media.,,"Known for travel, storytelling, creator-economy, entrepreneurship.",,,,,,,,,,,,,draft,,,
R105,Zach King,zach-king-canonical,Influencer,Zach King,zachking,male,,,,United States,US,,,English,"creator,filmmaker","creator,filmmaker",Entertainment,"entertainment,media,technology","visual-effects,storytelling,creator-economy","visual-effects,storytelling,creator-economy",,,entertainment,entertainment,global,Zach King is a globally recognized creator with influence across entertainment and digital media.,,"Known for visual-effects, storytelling, creator-economy.",,,,,,,,,,,,,draft,,,
R106,Khaby Lame,khaby-lame-canonical,Influencer,"Khaby Lame,Khabane Lame",khaby00,male,,,,Italy,IT,,,"Italian,English","creator,entertainer","creator,entertainer",Entertainment,"entertainment,comedy,media","comedy,viral-video,creator-economy","comedy,viral-video,creator-economy",,,comedy,entertainment,global,Khaby Lame is a globally recognized creator with influence across entertainment and digital media.,,"Known for comedy, viral-video, creator-economy.",,,,,,,,,,,,,draft,,,
R107,Addison Rae,addison-rae-canonical,Influencer,Addison Rae,addisonraee,female,,,,United States,US,,,English,"creator,actor,entrepreneur","creator,actor,entrepreneur",Entertainment,"entertainment,beauty,fashion,business","creator-economy,beauty,fashion,acting","creator-economy,beauty,fashion,acting",,,entertainment,entertainment,global,Addison Rae is a globally recognized creator with influence across entertainment and digital media.,,"Known for creator-economy, beauty, fashion, acting.",,,,,,,,,,,,,draft,,,
R108,Alix Earle,alix-earle-canonical,Influencer,Alix Earle,alix_earle,female,,,,United States,US,,,English,creator,creator,Fashion & Beauty,"beauty,lifestyle,fashion","beauty,lifestyle,fashion,creator-economy","beauty,lifestyle,fashion,creator-economy",,,lifestyle,professional,global,Alix Earle is a globally recognized creator with influence across fashion & beauty and digital media.,,"Known for beauty, lifestyle, fashion, creator-economy.",,,,,,,,,,,,,draft,,,
R109,Charli D'Amelio,charli-damelio-canonical,Influencer,Charli D'Amelio,charlidamelio,female,,,,United States,US,,,English,"creator,dancer,entrepreneur","creator,dancer,entrepreneur",Entertainment,"entertainment,fashion,business","dance,creator-economy,fashion","dance,creator-economy,fashion",,,entertainment,entertainment,global,Charli D'Amelio is a globally recognized creator with influence across entertainment and digital media.,,"Known for dance, creator-economy, fashion.",,,,,,,,,,,,,draft,,,
R110,Emma Chamberlain,emma-chamberlain-canonical,Influencer,Emma Chamberlain,emmachamberlain,female,,,,United States,US,,,English,"creator,entrepreneur","creator,entrepreneur",Lifestyle,"lifestyle,media,fashion,business","lifestyle,coffee,creator-economy,fashion","lifestyle,coffee,creator-economy,fashion",,,lifestyle,professional,global,Emma Chamberlain is a globally recognized creator with influence across lifestyle and digital media.,,"Known for lifestyle, coffee, creator-economy, fashion.",,,,,,,,,,,,,draft,,,
R111,Kai Cenat,kai-cenat-canonical,Influencer,Kai Cenat,kaicenat,male,,,,United States,US,,,English,"creator,streamer","creator,streamer",Gaming & Esports,"gaming,entertainment,media","streaming,gaming,comedy,creator-economy","streaming,gaming,comedy,creator-economy",,,gaming,entertainment,global,Kai Cenat is a globally recognized creator with influence across gaming & esports and digital media.,,"Known for streaming, gaming, comedy, creator-economy.",,,,,,,,,,,,,draft,,,
R112,IShowSpeed,ishowspeed-canonical,Influencer,"IShowSpeed,Darren Watkins Jr.",ishowspeed,male,,,,United States,US,,,English,"creator,streamer","creator,streamer",Gaming & Esports,"gaming,entertainment,sports","streaming,gaming,football,creator-economy","streaming,gaming,football,creator-economy",,,gaming,entertainment,global,IShowSpeed is a globally recognized creator with influence across gaming & esports and digital media.,,"Known for streaming, gaming, football, creator-economy.",,,,,,,,,,,,,draft,,,
R113,Valkyrae,valkyrae-canonical,Influencer,"Valkyrae,Rachell Hofstetter",valkyrae,female,,,,United States,US,,,English,"streamer,creator","streamer,creator",Gaming & Esports,"gaming,entertainment,media","streaming,gaming,creator-economy","streaming,gaming,creator-economy",,,gaming,entertainment,global,Valkyrae is a globally recognized streamer with influence across gaming & esports and digital media.,,"Known for streaming, gaming, creator-economy.",,,,,,,,,,,,,draft,,,
R114,Pokimane,pokimane-canonical,Influencer,"Pokimane,Imane Anys",pokimanelol,female,,,,Canada,CA,,,"English,French","streamer,creator,entrepreneur","streamer,creator,entrepreneur",Gaming & Esports,"gaming,entertainment,business","streaming,gaming,creator-economy,entrepreneurship","streaming,gaming,creator-economy,entrepreneurship",,,gaming,entertainment,global,Pokimane is a globally recognized streamer with influence across gaming & esports and digital media.,,"Known for streaming, gaming, creator-economy, entrepreneurship.",,,,,,,,,,,,,draft,,,
R115,Lachlan,lachlan-canonical,Influencer,Lachlan Power,lachlan,male,,,,Australia,AU,,,English,"gamer,creator","gamer,creator",Gaming & Esports,"gaming,entertainment","gaming,fortnite,creator-economy","gaming,fortnite,creator-economy",,,gaming,entertainment,global,Lachlan is a globally recognized gamer with influence across gaming & esports and digital media.,,"Known for gaming, fortnite, creator-economy.",,,,,,,,,,,,,draft,,,
R116,TommyInnit,tommyinnit,Influencer,"TommyInnit,Thomas Simons",tommyinnit,male,,,,United Kingdom,GB,,,English,"creator,gamer","creator,gamer",Gaming & Esports,"gaming,entertainment","gaming,minecraft,creator-economy","gaming,minecraft,creator-economy",,,gaming,entertainment,global,TommyInnit is a globally recognized creator with influence across gaming & esports and digital media.,,"Known for gaming, minecraft, creator-economy.",,,,,,,,,,,,,draft,,,
R117,Dream,dream-canonical,Influencer,Dream,dreamwastaken,male,,,,United States,US,,,English,"creator,gamer","creator,gamer",Gaming & Esports,"gaming,entertainment","gaming,minecraft,creator-economy","gaming,minecraft,creator-economy",,,gaming,entertainment,global,Dream is a globally recognized creator with influence across gaming & esports and digital media.,,"Known for gaming, minecraft, creator-economy.",,,,,,,,,,,,,draft,,,
R118,GeorgeNotFound,georgenotfound,Influencer,"GeorgeNotFound,George Davidson",georgenotfound,male,,,,United Kingdom,GB,,,English,"creator,gamer","creator,gamer",Gaming & Esports,"gaming,entertainment","gaming,minecraft,creator-economy","gaming,minecraft,creator-economy",,,gaming,entertainment,global,GeorgeNotFound is a globally recognized creator with influence across gaming & esports and digital media.,,"Known for gaming, minecraft, creator-economy.",,,,,,,,,,,,,draft,,,
R119,Amouranth,amouranth,Influencer,"Amouranth,Kaitlyn Siragusa",amouranth,female,,,,United States,US,,,English,"streamer,creator,entrepreneur","streamer,creator,entrepreneur",Gaming & Esports,"gaming,entertainment,business","streaming,gaming,creator-economy,entrepreneurship","streaming,gaming,creator-economy,entrepreneurship",,,gaming,entertainment,global,Amouranth is a globally recognized streamer with influence across gaming & esports and digital media.,,"Known for streaming, gaming, creator-economy, entrepreneurship.",,,,,,,,,,,,,draft,,,
R120,Ludwig,ludwig,Influencer,Ludwig Ahgren,ludwig,male,,,,United States,US,,,English,"streamer,creator,entrepreneur","streamer,creator,entrepreneur",Gaming & Esports,"gaming,entertainment,business","streaming,gaming,creator-economy,entrepreneurship","streaming,gaming,creator-economy,entrepreneurship",,,gaming,entertainment,global,Ludwig is a globally recognized streamer with influence across gaming & esports and digital media.,,"Known for streaming, gaming, creator-economy, entrepreneurship.",,,,,,,,,,,,,draft,,,
R121,Disguised Toast,disguised-toast,Influencer,"Disguised Toast,Jeremy Wang",disguisedtoast,male,,,,Canada,CA,,,English,"streamer,creator,entrepreneur","streamer,creator,entrepreneur",Gaming & Esports,"gaming,entertainment,business","streaming,gaming,creator-economy,entrepreneurship","streaming,gaming,creator-economy,entrepreneurship",,,gaming,entertainment,global,Disguised Toast is a globally recognized streamer with influence across gaming & esports and digital media.,,"Known for streaming, gaming, creator-economy, entrepreneurship.",,,,,,,,,,,,,draft,,,
R122,Ibai Llanos,ibai-llanos,Influencer,Ibai Llanos,ibaillanos,male,,,,Spain,ES,,,Spanish,"streamer,host,entrepreneur","streamer,host,entrepreneur",Gaming & Esports,"gaming,entertainment,sports,business","streaming,esports,football,creator-economy","streaming,esports,football,creator-economy",,,gaming,entertainment,global,Ibai Llanos is a globally recognized streamer with influence across gaming & esports and digital media.,,"Known for streaming, esports, football, creator-economy.",,,,,,,,,,,,,draft,,,
R123,AuronPlay,auronplay,Influencer,"AuronPlay,Rauron",auronplay,male,,,,Spain,ES,,,Spanish,"creator,streamer","creator,streamer",Gaming & Esports,"gaming,entertainment","streaming,gaming,comedy,creator-economy","streaming,gaming,comedy,creator-economy",,,gaming,entertainment,global,AuronPlay is a globally recognized creator with influence across gaming & esports and digital media.,,"Known for streaming, gaming, comedy, creator-economy.",,,,,,,,,,,,,draft,,,
R124,ElRubius,elrubius,Influencer,"ElRubius,Rubén Doblas",elrubiuswtf,male,,,,Spain,ES,,,Spanish,"creator,gamer","creator,gamer",Gaming & Esports,"gaming,entertainment","gaming,streaming,creator-economy","gaming,streaming,creator-economy",,,gaming,entertainment,global,ElRubius is a globally recognized creator with influence across gaming & esports and digital media.,,"Known for gaming, streaming, creator-economy.",,,,,,,,,,,,,draft,,,
R125,Fernanfloo,fernanfloo,Influencer,"Fernanfloo,Luis Fernando Flores",fernanfloo,male,,,,El Salvador,SV,,,Spanish,"creator,gamer","creator,gamer",Gaming & Esports,"gaming,entertainment","gaming,comedy,creator-economy","gaming,comedy,creator-economy",,,gaming,entertainment,global,Fernanfloo is a globally recognized creator with influence across gaming & esports and digital media.,,"Known for gaming, comedy, creator-economy.",,,,,,,,,,,,,draft,,,
R126,JuegaGerman,juegagerman,Influencer,"JuegaGerman,Germán Garmendia",juegagerman,male,,,,Chile,CL,,,Spanish,"creator,gamer,musician","creator,gamer,musician",Gaming & Esports,"gaming,entertainment,music","gaming,comedy,creator-economy","gaming,comedy,creator-economy",,,gaming,entertainment,global,JuegaGerman is a globally recognized creator with influence across gaming & esports and digital media.,,"Known for gaming, comedy, creator-economy.",,,,,,,,,,,,,draft,,,
R127,Kwebbelkop,kwebbelkop,Influencer,"Kwebbelkop,Jordi van den Bussche",kwebbelkop,male,,,,Netherlands,NL,,,"Dutch,English","creator,gamer,entrepreneur","creator,gamer,entrepreneur",Gaming & Esports,"gaming,technology,business","gaming,creator-economy,technology","gaming,creator-economy,technology",,,gaming,entertainment,global,Kwebbelkop is a globally recognized creator with influence across gaming & esports and digital media.,,"Known for gaming, creator-economy, technology.",,,,,,,,,,,,,draft,,,
R128,Jesser,jesser,Influencer,Jesser,jesser,male,,,,United States,US,,,English,"creator,basketball personality","creator,basketball personality",Sports,"basketball,entertainment","basketball,creator-economy,sports-media","basketball,creator-economy,sports-media",,,basketball,professional,global,Jesser is a globally recognized creator with influence across sports and digital media.,,"Known for basketball, creator-economy, sports-media.",,,,,,,,,,,,,draft,,,
R129,Dude Perfect,dude-perfect,Influencer,Dude Perfect,dudeperfect,other,,,,United States,US,,,English,"creator,entertainment group","creator,entertainment group",Sports,"sports,entertainment,media","sports-entertainment,comedy,creator-economy","sports-entertainment,comedy,creator-economy",,,sports,professional,global,Dude Perfect is a globally recognized creator with influence across sports and digital media.,,"Known for sports-entertainment, comedy, creator-economy.",,,,,,,,,,,,,draft,,,
R130,Storror,storror,Influencer,Storror,storror,other,,,,United Kingdom,GB,,,English,"creator,parkour group","creator,parkour group",Sports,"sports,entertainment","parkour,extreme-sports,creator-economy","parkour,extreme-sports,creator-economy",,,extreme-sports,professional,global,Storror is a globally recognized creator with influence across sports and digital media.,,"Known for parkour, extreme-sports, creator-economy.",,,,,,,,,,,,,draft,,,
R131,Red Bull,red-bull,Public Figure,Red Bull,redbull,other,,,,Austria,AT,,,"German,English","media,brand","media,brand",Sports,"sports,entertainment,business","extreme-sports,motorsport,athletics,media","extreme-sports,motorsport,athletics,media",,,sports,professional,global,Red Bull is a globally recognized media with influence across sports and digital media.,,"Known for extreme-sports, motorsport, athletics, media.",,,,,,,,,,,,,draft,,,
R132,KSI,ksi-canonical,Public Figure,"KSI,Olajide Olatunji",ksi,male,,,,United Kingdom,GB,,,English,"creator,boxer,musician,entrepreneur","creator,boxer,musician,entrepreneur",Entertainment,"gaming,entertainment,sports,business","gaming,boxing,music,creator-economy","gaming,boxing,music,creator-economy",,,gaming,entertainment,global,KSI is a globally recognized creator with influence across entertainment and digital media.,,"Known for gaming, boxing, music, creator-economy.",,,,,,,,,,,,,draft,,,
R133,Steven Bartlett,steven-bartlett-canonical,Public Figure,Steven Bartlett,steven,male,,,,United Kingdom,GB,,,English,"entrepreneur,host,author","entrepreneur,host,author",Business & Finance,"business,media,marketing","entrepreneurship,leadership,marketing,creator-economy","entrepreneurship,leadership,marketing,creator-economy",,,business,professional,global,Steven Bartlett is a globally recognized entrepreneur with influence across business & finance and digital media.,,"Known for entrepreneurship, leadership, marketing, creator-economy.",,,,,,,,,,,,,draft,,,
R134,Gary Vaynerchuk,gary-vaynerchuk-canonical,Public Figure,"Gary Vaynerchuk,GaryVee",garyvee,male,,,,United States,US,,,English,"entrepreneur,author,speaker","entrepreneur,author,speaker",Business & Finance,"business,marketing,media","entrepreneurship,marketing,social-media,creator-economy","entrepreneurship,marketing,social-media,creator-economy",,,business,professional,global,Gary Vaynerchuk is a globally recognized entrepreneur with influence across business & finance and digital media.,,"Known for entrepreneurship, marketing, social-media, creator-economy.",,,,,,,,,,,,,draft,,,
R135,Alex Hormozi,alex-hormozi,Public Figure,Alex Hormozi,alexhormozi,male,,,,United States,US,,,English,"entrepreneur,author,creator","entrepreneur,author,creator",Business & Finance,"business,marketing,education","entrepreneurship,marketing,sales,creator-economy","entrepreneurship,marketing,sales,creator-economy",,,business,professional,global,Alex Hormozi is a globally recognized entrepreneur with influence across business & finance and digital media.,,"Known for entrepreneurship, marketing, sales, creator-economy.",,,,,,,,,,,,,draft,,,
R136,Trevor Noah,trevor-noah-canonical,Public Figure,Trevor Noah,trevornoah,male,,,,South Africa,ZA,,,English,"comedian,host,author","comedian,host,author",Entertainment,"comedy,media,television","comedy,media,storytelling,creator-economy","comedy,media,storytelling,creator-economy",,,comedy,entertainment,global,Trevor Noah is a recognized comedian with influence across entertainment and digital media.,,"Known for comedy, media, storytelling, creator-economy.",,,,,,,,,,,,,draft,,,
R137,Tyler Perry,tyler-perry,Public Figure,Tyler Perry,tylerperry,male,,,,United States,US,,,English,"filmmaker,actor,producer,entrepreneur","filmmaker,actor,producer,entrepreneur",Entertainment,"film,entertainment,business","film,television,entrepreneurship,media","film,television,entrepreneurship,media",,,film,entertainment,global,Tyler Perry is a recognized filmmaker with influence across entertainment and digital media.,,"Known for film, television, entrepreneurship, media.",,,,,,,,,,,,,draft,,,
R138,Tems,tems,Public Figure,Tems,temsbaby,female,,,,Nigeria,NG,,,English,"singer,songwriter","singer,songwriter",Entertainment,"music,entertainment,fashion","music,afrobeats,culture,fashion","music,afrobeats,culture,fashion",,,music,entertainment,global,Tems is a recognized singer with influence across entertainment and digital media.,,"Known for music, afrobeats, culture, fashion.",,,,,,,,,,,,,draft,,,
R139,Burna Boy,burna-boy,Public Figure,"Burna Boy, Damini Ogulu",burnaboygram,male,,,,Nigeria,NG,,,English,"musician,singer","musician,singer",Entertainment,"music,entertainment,fashion","afrobeats,music,culture,fashion","afrobeats,music,culture,fashion",,,music,entertainment,global,Burna Boy is a recognized musician with influence across entertainment and digital media.,,"Known for afrobeats, music, culture, fashion.",,,,,,,,,,,,,draft,,,
R140,Wizkid,wizkid,Public Figure,"Wizkid,Ayodeji Balogun",wizkidayo,male,,,,Nigeria,NG,,,English,"musician,singer","musician,singer",Entertainment,"music,entertainment,fashion","afrobeats,music,culture,fashion","afrobeats,music,culture,fashion",,,music,entertainment,global,Wizkid is a recognized musician with influence across entertainment and digital media.,,"Known for afrobeats, music, culture, fashion.",,,,,,,,,,,,,draft,,,
R141,Davido,davido,Public Figure,"Davido,David Adeleke",davido,male,,,,Nigeria,NG,,,English,"musician,entrepreneur","musician,entrepreneur",Entertainment,"music,entertainment,business","afrobeats,music,entrepreneurship,culture","afrobeats,music,entrepreneurship,culture",,,music,entertainment,global,Davido is a recognized musician with influence across entertainment and digital media.,,"Known for afrobeats, music, entrepreneurship, culture.",,,,,,,,,,,,,draft,,,
R142,Yemi Alade,yemi-alade,Public Figure,Yemi Alade,yemialade,female,,,,Nigeria,NG,,,English,"singer,songwriter","singer,songwriter",Entertainment,"music,entertainment","afrobeats,music,culture,womens-music","afrobeats,music,culture,womens-music",,,music,entertainment,global,Yemi Alade is a recognized singer with influence across entertainment and digital media.,,"Known for afrobeats, music, culture, womens-music.",,,,,,,,,,,,,draft,,,
R143,Sauti Sol,sauti-sol,Public Figure,Sauti Sol,sautisol,other,,,,Kenya,KE,,,"English,Swahili",music group,music group,Entertainment,"music,entertainment","afropop,music,culture","afropop,music,culture",,,music,entertainment,global,Sauti Sol is a recognized music group with influence across entertainment and digital media.,,"Known for afropop, music, culture.",,,,,,,,,,,,,draft,,,
R144,Elsa Majimbo,elsa-majimbo,Influencer,Elsa Majimbo,elsa.majimbo,female,,,,Kenya,KE,,,English,"comedian,creator","comedian,creator",Entertainment,"comedy,media,entertainment","comedy,creator-economy,african-creators","comedy,creator-economy,african-creators",,,comedy,entertainment,global,Elsa Majimbo is a recognized comedian with influence across entertainment and digital media.,,"Known for comedy, creator-economy, african-creators.",,,,,,,,,,,,,draft,,,
R145,Lupita Nyong'o,lupita-nyongo,Public Figure,Lupita Nyong'o,lupitanyongo,female,,,,Kenya,KE,,,"English,Swahili","actor,producer","actor,producer",Entertainment,"film,entertainment,fashion","acting,film,fashion,culture","acting,film,fashion,culture",,,film,entertainment,global,Lupita Nyong'o is a recognized actor with influence across entertainment and digital media.,,"Known for acting, film, fashion, culture.",,,,,,,,,,,,,draft,,,
R146,Trevor Stuurman,trevor-stuurman,Public Figure,Trevor Stuurman,trevorstuurman,male,,,,South Africa,ZA,,,English,"photographer,creative director","photographer,creative director",Fashion & Beauty,"fashion,media,art","fashion,photography,creative-direction","fashion,photography,creative-direction",,,fashion,professional,global,Trevor Stuurman is a recognized photographer with influence across fashion & beauty and digital media.,,"Known for fashion, photography, creative-direction.",,,,,,,,,,,,,draft,,,
R147,Bonang Matheba,bonang-matheba,Public Figure,Bonang Matheba,bonangmatheba,female,,,,South Africa,ZA,,,English,"media personality,entrepreneur","media personality,entrepreneur",Fashion & Beauty,"fashion,beauty,media,business","fashion,beauty,media,entrepreneurship","fashion,beauty,media,entrepreneurship",,,fashion,professional,global,Bonang Matheba is a recognized media personality with influence across fashion & beauty and digital media.,,"Known for fashion, beauty, media, entrepreneurship.",,,,,,,,,,,,,draft,,,
R148,Lasizwe,lasizwe,Influencer,Lasizwe Dambuza,lasizwe,male,,,,South Africa,ZA,,,English,"creator,comedian","creator,comedian",Entertainment,"comedy,entertainment,media","comedy,creator-economy,african-creators","comedy,creator-economy,african-creators",,,comedy,entertainment,global,Lasizwe is a recognized creator with influence across entertainment and digital media.,,"Known for comedy, creator-economy, african-creators.",,,,,,,,,,,,,draft,,,
R149,Mihlali Ndamase,mihlali-ndamase,Influencer,Mihlali Ndamase,mihlali_n,female,,,,South Africa,ZA,,,English,"beauty creator,entrepreneur","beauty creator,entrepreneur",Fashion & Beauty,"beauty,fashion,lifestyle","beauty,fashion,lifestyle,creator-economy","beauty,fashion,lifestyle,creator-economy",,,beauty,professional,global,Mihlali Ndamase is a recognized beauty creator with influence across fashion & beauty and digital media.,,"Known for beauty, fashion, lifestyle, creator-economy.",,,,,,,,,,,,,draft,,,
R150,MKBHD,mkbhd-creator,Influencer,"Marques Brownlee,MKBHD",mkbhd,male,,,,United States,US,,,English,technology creator,technology creator,Technology,"technology,media","technology,gadgets,consumer-electronics","technology,gadgets,consumer-electronics",,,technology,professional,global,MKBHD is a recognized technology creator with influence across technology and digital media.,,"Known for technology, gadgets, consumer-electronics.",,,,,,,,,,,,,draft,,,
R151,Ahmed Al Nasheet,dabadub,Influencer,"Dabdub,Ahmed Al Nasheet",dabadub,male,,,,United Arab Emirates,AE,,,"Arabic,English","creator,host","creator,host",Technology,"technology,entertainment,media","technology,gaming,media,middle-east-creators","technology,gaming,media,middle-east-creators",,,technology,professional,global,Ahmed Al Nasheet is a recognized creator with influence across technology and digital media.,,"Known for technology, gaming, media, middle-east-creators.",,,,,,,,,,,,,draft,,,
R152,Anas Bukhash,anas-bukhash,Public Figure,Anas Bukhash,anasbukhash,male,,,,United Arab Emirates,AE,,,"Arabic,English","entrepreneur,host","entrepreneur,host",Business & Finance,"business,media,entertainment","entrepreneurship,interviews,leadership,middle-east","entrepreneurship,interviews,leadership,middle-east",,,business,professional,global,Anas Bukhash is a recognized entrepreneur with influence across business & finance and digital media.,,"Known for entrepreneurship, interviews, leadership, middle-east.",,,,,,,,,,,,,draft,,,
R153,Huda Beauty,huda-beauty,Public Figure,"Huda Kattan,Huda Beauty",hudabeauty,female,,,,United Arab Emirates,AE,,,"English,Arabic","beauty entrepreneur,creator","beauty entrepreneur,creator",Fashion & Beauty,"beauty,business,fashion","beauty,makeup,entrepreneurship,middle-east","beauty,makeup,entrepreneurship,middle-east",,,beauty,professional,global,Huda Beauty is a recognized beauty entrepreneur with influence across fashion & beauty and digital media.,,"Known for beauty, makeup, entrepreneurship, middle-east.",,,,,,,,,,,,,draft,,,
R154,Mo Vlogs,mo-vlogs,Influencer,"Mo Vlogs,Mohamed Beiraghdary",movlogs,male,,,,United Arab Emirates,AE,,,"Arabic,English",creator,creator,Automotive,"automotive,lifestyle,entertainment","cars,lifestyle,creator-economy,middle-east","cars,lifestyle,creator-economy,middle-east",,,automotive,professional,global,Mo Vlogs is a recognized creator with influence across automotive and digital media.,,"Known for cars, lifestyle, creator-economy, middle-east.",,,,,,,,,,,,,draft,,,
R155,Khalid Al Ameri,khalid-al-ameri,Influencer,Khalid Al Ameri,khalidalameri,male,,,,United Arab Emirates,AE,,,"Arabic,English","creator,host","creator,host",Media,"media,lifestyle,entertainment","family,culture,storytelling,middle-east-creators","family,culture,storytelling,middle-east-creators",,,lifestyle,professional,global,Khalid Al Ameri is a recognized creator with influence across media and digital media.,,"Known for family, culture, storytelling, middle-east-creators.",,,,,,,,,,,,,draft,,,
R156,Noor Stars,noor-stars,Influencer,"Noor Stars,Noor Naem",noorstars,female,,,,Iraq,IQ,,,"Arabic,English","creator,entrepreneur","creator,entrepreneur",Lifestyle,"beauty,lifestyle,entertainment","lifestyle,beauty,arab-creators,creator-economy","lifestyle,beauty,arab-creators,creator-economy",,,lifestyle,professional,global,Noor Stars is a recognized creator with influence across lifestyle and digital media.,,"Known for lifestyle, beauty, arab-creators, creator-economy.",,,,,,,,,,,,,draft,,,
R157,Anas Bukhash,anas-bukhash-canonical,Public Figure,Anas Bukhash,anasbukhash,male,,,,United Arab Emirates,AE,,,"Arabic,English","host,entrepreneur","host,entrepreneur",Media,"media,business,entertainment","interviews,leadership,entrepreneurship,middle-east","interviews,leadership,entrepreneurship,middle-east",,,media,professional,global,Anas Bukhash is a recognized host with influence across media and digital media.,,"Known for interviews, leadership, entrepreneurship, middle-east.",,,,,,,,,,,,,draft,,,
R158,Huda El Mufti,huda-el-mufti,Public Figure,Huda El Mufti,hudaelmufti,female,,,,Egypt,EG,,,"Arabic,English",actor,actor,Entertainment,"film,television,fashion","acting,arabic-cinema,fashion","acting,arabic-cinema,fashion",,,film,entertainment,global,Huda El Mufti is a recognized actor with influence across entertainment and digital media.,,"Known for acting, arabic-cinema, fashion.",,,,,,,,,,,,,draft,,,
R159,Nancy Ajram,nancy-ajram,Public Figure,Nancy Ajram,nancyajram,female,,,,Lebanon,LB,,,"Arabic,English",singer,singer,Entertainment,"music,entertainment","arabic-pop,music,culture","arabic-pop,music,culture",,,music,entertainment,global,Nancy Ajram is a recognized singer with influence across entertainment and digital media.,,"Known for arabic-pop, music, culture.",,,,,,,,,,,,,draft,,,
R160,Elissa,elissa,Public Figure,Elissa,elissazkh,female,,,,Lebanon,LB,,,"Arabic,English",singer,singer,Entertainment,"music,entertainment,fashion","arabic-pop,music,culture,fashion","arabic-pop,music,culture,fashion",,,music,entertainment,global,Elissa is a recognized singer with influence across entertainment and digital media.,,"Known for arabic-pop, music, culture, fashion.",,,,,,,,,,,,,draft,,,
R161,Haifa Wehbe,haifa-wehbe,Public Figure,Haifa Wehbe,haifawehbe,female,,,,Lebanon,LB,,,"Arabic,English","singer,actor","singer,actor",Entertainment,"music,film,fashion","arabic-pop,acting,fashion,culture","arabic-pop,acting,fashion,culture",,,music,entertainment,global,Haifa Wehbe is a recognized singer with influence across entertainment and digital media.,,"Known for arabic-pop, acting, fashion, culture.",,,,,,,,,,,,,draft,,,
R162,Fouz Alfahad,fouz-alfahad,Influencer,Fouz Alfahad,therealfouz,female,,,,Kuwait,KW,,,"Arabic,English","beauty creator,entrepreneur","beauty creator,entrepreneur",Fashion & Beauty,"beauty,fashion,lifestyle,business","beauty,fashion,arab-creators,entrepreneurship","beauty,fashion,arab-creators,entrepreneurship",,,beauty,professional,global,Fouz Alfahad is a recognized beauty creator with influence across fashion & beauty and digital media.,,"Known for beauty, fashion, arab-creators, entrepreneurship.",,,,,,,,,,,,,draft,,,
R163,Joelle Mardinian,joelle-mardinian,Public Figure,Joelle Mardinian,joellemardinian,female,,,,Lebanon,LB,,,"Arabic,English","beauty entrepreneur,host","beauty entrepreneur,host",Fashion & Beauty,"beauty,media,business","beauty,makeup,entrepreneurship,arab-creators","beauty,makeup,entrepreneurship,arab-creators",,,beauty,professional,global,Joelle Mardinian is a recognized beauty entrepreneur with influence across fashion & beauty and digital media.,,"Known for beauty, makeup, entrepreneurship, arab-creators.",,,,,,,,,,,,,draft,,,
R164,Kris Fade,kris-fade,Public Figure,Kris Fade,krisfade,male,,,,Australia,AU,,,"English,Arabic","radio host,creator,entrepreneur","radio host,creator,entrepreneur",Media,"media,entertainment,business","radio,podcasting,entrepreneurship,middle-east","radio,podcasting,entrepreneurship,middle-east",,,media,professional,global,Kris Fade is a recognized radio host with influence across media and digital media.,,"Known for radio, podcasting, entrepreneurship, middle-east.",,,,,,,,,,,,,draft,,,
R165,Sourav Joshi,sourav-joshi,Influencer,Sourav Joshi,souravjoship76,male,,,,India,IN,,,"Hindi,English","vlogger,creator","vlogger,creator",Lifestyle,"lifestyle,media,entertainment","vlogging,family,creator-economy,india-creators","vlogging,family,creator-economy,india-creators",,,lifestyle,professional,global,Sourav Joshi is a recognized vlogger with influence across lifestyle and digital media.,,"Known for vlogging, family, creator-economy, india-creators.",,,,,,,,,,,,,draft,,,
R166,Bhuvan Bam,bhuvan-bam,Influencer,Bhuvan Bam,bhuvan.bam22,male,,,,India,IN,,,"Hindi,English","creator,actor,musician","creator,actor,musician",Entertainment,"comedy,entertainment,music","comedy,acting,music,creator-economy","comedy,acting,music,creator-economy",,,comedy,entertainment,global,Bhuvan Bam is a recognized creator with influence across entertainment and digital media.,,"Known for comedy, acting, music, creator-economy.",,,,,,,,,,,,,draft,,,
R167,Ashish Chanchlani,ashish-chanchlani,Influencer,Ashish Chanchlani,ashishchanchlani,male,,,,India,IN,,,"Hindi,English","creator,comedian","creator,comedian",Entertainment,"comedy,entertainment,media","comedy,sketches,creator-economy,india-creators","comedy,sketches,creator-economy,india-creators",,,comedy,entertainment,global,Ashish Chanchlani is a recognized creator with influence across entertainment and digital media.,,"Known for comedy, sketches, creator-economy, india-creators.",,,,,,,,,,,,,draft,,,
R168,Prajakta Koli,prajakta-koli,Influencer,"Prajakta Koli,MostlySane",mostlysane,female,,,,India,IN,,,"Hindi,English","creator,actor,author","creator,actor,author",Entertainment,"entertainment,media,lifestyle","comedy,acting,lifestyle,india-creators","comedy,acting,lifestyle,india-creators",,,comedy,entertainment,global,Prajakta Koli is a recognized creator with influence across entertainment and digital media.,,"Known for comedy, acting, lifestyle, india-creators.",,,,,,,,,,,,,draft,,,
R169,Kusha Kapila,kusha-kapila,Influencer,Kusha Kapila,kushakapila,female,,,,India,IN,,,"Hindi,English","creator,actor,comedian","creator,actor,comedian",Entertainment,"comedy,entertainment,fashion","comedy,acting,fashion,india-creators","comedy,acting,fashion,india-creators",,,comedy,entertainment,global,Kusha Kapila is a recognized creator with influence across entertainment and digital media.,,"Known for comedy, acting, fashion, india-creators.",,,,,,,,,,,,,draft,,,
R170,Komal Pandey,komal-pandey,Influencer,Komal Pandey,komalpandeyofficial,female,,,,India,IN,,,"Hindi,English",fashion creator,fashion creator,Fashion & Beauty,"fashion,lifestyle,beauty","fashion,styling,beauty,india-creators","fashion,styling,beauty,india-creators",,,fashion,professional,global,Komal Pandey is a recognized fashion creator with influence across fashion & beauty and digital media.,,"Known for fashion, styling, beauty, india-creators.",,,,,,,,,,,,,draft,,,
R171,Kusha Kapila,kusha-kapila-canonical,Public Figure,Kusha Kapila,kushakapila,female,,,,India,IN,,,"Hindi,English","creator,actor","creator,actor",Entertainment,"comedy,entertainment,fashion","comedy,acting,fashion,india-creators","comedy,acting,fashion,india-creators",,,comedy,entertainment,global,Kusha Kapila is a recognized creator with influence across entertainment and digital media.,,"Known for comedy, acting, fashion, india-creators.",,,,,,,,,,,,,draft,,,
R172,Ranveer Allahbadia,ranveer-allahbadia,Influencer,"Ranveer Allahbadia,BeerBiceps",beerbiceps,male,,,,India,IN,,,"Hindi,English","creator,podcaster,entrepreneur","creator,podcaster,entrepreneur",Business & Finance,"business,fitness,media","podcasting,entrepreneurship,fitness,india-creators","podcasting,entrepreneurship,fitness,india-creators",,,business,professional,global,Ranveer Allahbadia is a recognized creator with influence across business & finance and digital media.,,"Known for podcasting, entrepreneurship, fitness, india-creators.",,,,,,,,,,,,,draft,,,
R173,Raj Shamani,raj-shamani,Influencer,Raj Shamani,rajshamani,male,,,,India,IN,,,"Hindi,English","podcaster,entrepreneur","podcaster,entrepreneur",Business & Finance,"business,media,education","podcasting,entrepreneurship,marketing,india-creators","podcasting,entrepreneurship,marketing,india-creators",,,business,professional,global,Raj Shamani is a recognized podcaster with influence across business & finance and digital media.,,"Known for podcasting, entrepreneurship, marketing, india-creators.",,,,,,,,,,,,,draft,,,
R174,Ankur Warikoo,ankur-warikoo,Public Figure,Ankur Warikoo,ankurwarikoo,male,,,,India,IN,,,"Hindi,English","entrepreneur,author,creator","entrepreneur,author,creator",Business & Finance,"business,education,personal development","entrepreneurship,productivity,personal-development,india-creators","entrepreneurship,productivity,personal-development,india-creators",,,business,professional,global,Ankur Warikoo is a recognized entrepreneur with influence across business & finance and digital media.,,"Known for entrepreneurship, productivity, personal-development, india-creators.",,,,,,,,,,,,,draft,,,
R175,Dr. Vivek Bindra,vivek-bindra,Public Figure,Vivek Bindra,dr.vivekbindra,male,,,,India,IN,,,"Hindi,English","entrepreneur,speaker,creator","entrepreneur,speaker,creator",Business & Finance,"business,education,media","entrepreneurship,sales,leadership,india-creators","entrepreneurship,sales,leadership,india-creators",,,business,professional,global,Dr. Vivek Bindra is a recognized entrepreneur with influence across business & finance and digital media.,,"Known for entrepreneurship, sales, leadership, india-creators.",,,,,,,,,,,,,draft,,,
R176,Sandeep Maheshwari,sandeep-maheshwari,Public Figure,Sandeep Maheshwari,sandeep__maheshwari,male,,,,India,IN,,,"Hindi,English","speaker,entrepreneur","speaker,entrepreneur",Personal Development,"personal development,business,media","motivation,entrepreneurship,personal-development,india-creators","motivation,entrepreneurship,personal-development,india-creators",,,personal-development,professional,global,Sandeep Maheshwari is a recognized speaker with influence across personal development and digital media.,,"Known for motivation, entrepreneurship, personal-development, india-creators.",,,,,,,,,,,,,draft,,,
R177,CarryMinati,carryminati,Influencer,"CarryMinati,Ajey Nagar",carryminati,male,,,,India,IN,,,"Hindi,English","creator,comedian","creator,comedian",Gaming & Esports,"gaming,comedy,entertainment","gaming,comedy,streaming,india-creators","gaming,comedy,streaming,india-creators",,,gaming,professional,global,CarryMinati is a recognized creator with influence across gaming & esports and digital media.,,"Known for gaming, comedy, streaming, india-creators.",,,,,,,,,,,,,draft,,,
R178,Techno Gamerz,techno-gamerz,Influencer,"Techno Gamerz,Ujjwal",technogamerzofficial,male,,,,India,IN,,,"Hindi,English",gaming creator,gaming creator,Gaming & Esports,"gaming,entertainment","gaming,gta,creator-economy,india-creators","gaming,gta,creator-economy,india-creators",,,gaming,professional,global,Techno Gamerz is a recognized gaming creator with influence across gaming & esports and digital media.,,"Known for gaming, gta, creator-economy, india-creators.",,,,,,,,,,,,,draft,,,
R179,Ajjubhai,total-gaming,Influencer,"Total Gaming,Ajjubhai",totalgaming093,male,,,,India,IN,,,"Hindi,English",gaming creator,gaming creator,Gaming & Esports,"gaming,entertainment","gaming,free-fire,creator-economy,india-creators","gaming,free-fire,creator-economy,india-creators",,,gaming,professional,global,Ajjubhai is a recognized gaming creator with influence across gaming & esports and digital media.,,"Known for gaming, free-fire, creator-economy, india-creators.",,,,,,,,,,,,,draft,,,
R180,Mortal,mortal,Influencer,"Mortal,Naman Mathur",mortalm,male,,,,India,IN,,,"Hindi,English","gamer,streamer","gamer,streamer",Gaming & Esports,"gaming,esports,media","esports,gaming,streaming,india-creators","esports,gaming,streaming,india-creators",,,esports,professional,global,Mortal is a recognized gamer with influence across gaming & esports and digital media.,,"Known for esports, gaming, streaming, india-creators.",,,,,,,,,,,,,draft,,,
R181,Mithilesh Patankar,mythpat,Influencer,"Mythpat,Mithilesh Patankar",mythpat,male,,,,India,IN,,,"Hindi,English","creator,gamer","creator,gamer",Gaming & Esports,"gaming,comedy,entertainment","gaming,comedy,creator-economy,india-creators","gaming,comedy,creator-economy,india-creators",,,gaming,professional,global,Mithilesh Patankar is a recognized creator with influence across gaming & esports and digital media.,,"Known for gaming, comedy, creator-economy, india-creators.",,,,,,,,,,,,,draft,,,
R182,Dhanush,dhanush,Public Figure,Dhanush,dhanushkraja,male,,,,India,IN,,,"Tamil,English,Hindi","actor,musician,filmmaker","actor,musician,filmmaker",Entertainment,"film,music,entertainment","acting,indian-cinema,music,tamil-cinema","acting,indian-cinema,music,tamil-cinema",,,film,entertainment,global,Dhanush is a recognized actor with influence across entertainment and digital media.,,"Known for acting, indian-cinema, music, tamil-cinema.",,,,,,,,,,,,,draft,,,
R183,Allu Arjun,allu-arjun,Public Figure,Allu Arjun,alluarjunonline,male,,,,India,IN,,,"Telugu,English,Hindi",actor,actor,Entertainment,"film,entertainment,fashion","acting,telugu-cinema,indian-cinema,fashion","acting,telugu-cinema,indian-cinema,fashion",,,film,entertainment,global,Allu Arjun is a recognized actor with influence across entertainment and digital media.,,"Known for acting, telugu-cinema, indian-cinema, fashion.",,,,,,,,,,,,,draft,,,
R184,Deepika Padukone,deepika-padukone,Public Figure,Deepika Padukone,deepikapadukone,female,,,,India,IN,,,"Hindi,English","actor,entrepreneur","actor,entrepreneur",Entertainment,"film,fashion,business","acting,indian-cinema,fashion,entrepreneurship","acting,indian-cinema,fashion,entrepreneurship",,,film,entertainment,global,Deepika Padukone is a recognized actor with influence across entertainment and digital media.,,"Known for acting, indian-cinema, fashion, entrepreneurship.",,,,,,,,,,,,,draft,,,
R185,Priyanka Chopra Jonas,priyanka-chopra-jonas,Public Figure,Priyanka Chopra Jonas,priyankachopra,female,,,,India,IN,,,"Hindi,English","actor,producer,entrepreneur","actor,producer,entrepreneur",Entertainment,"film,entertainment,business,fashion","acting,global-indian,entrepreneurship,fashion","acting,global-indian,entrepreneurship,fashion",,,film,entertainment,global,Priyanka Chopra Jonas is a recognized actor with influence across entertainment and digital media.,,"Known for acting, global-indian, entrepreneurship, fashion.",,,,,,,,,,,,,draft,,,
R186,Ayushmann Khurrana,ayushmann-khurrana,Public Figure,Ayushmann Khurrana,ayushmannk,male,,,,India,IN,,,"Hindi,English","actor,singer,host","actor,singer,host",Entertainment,"film,music,entertainment","acting,indian-cinema,music,media","acting,indian-cinema,music,media",,,film,entertainment,global,Ayushmann Khurrana is a recognized actor with influence across entertainment and digital media.,,"Known for acting, indian-cinema, music, media.",,,,,,,,,,,,,draft,,,
R187,Fahadh Faasil,fahadh-faasil,Public Figure,Fahadh Faasil,fahadhfaasiluniverse,male,,,,India,IN,,,"Malayalam,English","actor,producer","actor,producer",Entertainment,"film,entertainment","acting,malayalam-cinema,indian-cinema","acting,malayalam-cinema,indian-cinema",,,film,entertainment,global,Fahadh Faasil is a recognized actor with influence across entertainment and digital media.,,"Known for acting, malayalam-cinema, indian-cinema.",,,,,,,,,,,,,draft,,,
R188,Mrunal Thakur,mrunal-thakur,Public Figure,Mrunal Thakur,mrunalthakur,female,,,,India,IN,,,"Hindi,English",actor,actor,Entertainment,"film,entertainment,fashion","acting,indian-cinema,fashion","acting,indian-cinema,fashion",,,film,entertainment,global,Mrunal Thakur is a recognized actor with influence across entertainment and digital media.,,"Known for acting, indian-cinema, fashion.",,,,,,,,,,,,,draft,,,
R189,Zomato,zomato,Public Figure,Zomato,zomato,other,,,,India,IN,,,"English,Hindi","company,media brand","company,media brand",Food & Beverage,"food,technology,business","food-delivery,restaurants,technology,india","food-delivery,restaurants,technology,india",,,food,professional,global,Zomato is a recognized company with influence across food & beverage and digital media.,,"Known for food-delivery, restaurants, technology, india.",,,,,,,,,,,,,draft,,,
R190,Tanmay Bhat,tanmay-bhat,Influencer,Tanmay Bhat,tanmaybhat,male,,,,India,IN,,,"Hindi,English","creator,comedian,producer","creator,comedian,producer",Entertainment,"comedy,media,entertainment","comedy,media,creator-economy,india-creators","comedy,media,creator-economy,india-creators",,,comedy,entertainment,global,Tanmay Bhat is a recognized creator with influence across entertainment and digital media.,,"Known for comedy, media, creator-economy, india-creators.",,,,,,,,,,,,,draft,,,
R191,MKBHD,marques-brownlee-final,Public Figure,Marques Brownlee,mkbhd,male,,,,United States,US,,,English,"technology creator,host","technology creator,host",Technology,"technology,media","technology,gadgets,consumer-electronics","technology,gadgets,consumer-electronics",,,technology,professional,global,MKBHD is a recognized technology creator with influence across technology and digital media.,,"Known for technology, gadgets, consumer-electronics.",,,,,,,,,,,,,draft,,,
R192,Cassey Ho,cassey-ho,Influencer,"Cassey Ho,Blogilates",blogilates,female,,,,United States,US,,,English,"fitness creator,entrepreneur","fitness creator,entrepreneur",Fitness & Wellness,"fitness,health,lifestyle,business","fitness,workouts,wellness,creator-economy","fitness,workouts,wellness,creator-economy",,,fitness,professional,global,Cassey Ho is a recognized fitness creator with influence across fitness & wellness and digital media.,,"Known for fitness, workouts, wellness, creator-economy.",,,,,,,,,,,,,draft,,,
R193,Pamela Reif,pamela-reif,Influencer,Pamela Reif,pamela_rf,female,,,,Germany,DE,,,"German,English","fitness creator,entrepreneur","fitness creator,entrepreneur",Fitness & Wellness,"fitness,health,lifestyle","fitness,workouts,wellness,creator-economy","fitness,workouts,wellness,creator-economy",,,fitness,professional,global,Pamela Reif is a recognized fitness creator with influence across fitness & wellness and digital media.,,"Known for fitness, workouts, wellness, creator-economy.",,,,,,,,,,,,,draft,,,
R194,Chloe Ting,chloe-ting,Influencer,Chloe Ting,chloe_t,female,,,,Australia,AU,,,English,fitness creator,fitness creator,Fitness & Wellness,"fitness,health,lifestyle","fitness,workouts,wellness,creator-economy","fitness,workouts,wellness,creator-economy",,,fitness,professional,global,Chloe Ting is a recognized fitness creator with influence across fitness & wellness and digital media.,,"Known for fitness, workouts, wellness, creator-economy.",,,,,,,,,,,,,draft,,,
R195,Joe Wicks,joe-wicks,Influencer,"Joe Wicks,The Body Coach",thebodycoach,male,,,,United Kingdom,GB,,,English,"fitness creator,author,entrepreneur","fitness creator,author,entrepreneur",Fitness & Wellness,"fitness,health,business","fitness,workouts,nutrition,creator-economy","fitness,workouts,nutrition,creator-economy",,,fitness,professional,global,Joe Wicks is a recognized fitness creator with influence across fitness & wellness and digital media.,,"Known for fitness, workouts, nutrition, creator-economy.",,,,,,,,,,,,,draft,,,
R196,Simeon Panda,simeon-panda,Influencer,Simeon Panda,simeonpanda,male,,,,United Kingdom,GB,,,English,"fitness creator,entrepreneur","fitness creator,entrepreneur",Fitness & Wellness,"fitness,business,lifestyle","fitness,bodybuilding,entrepreneurship,creator-economy","fitness,bodybuilding,entrepreneurship,creator-economy",,,fitness,professional,global,Simeon Panda is a recognized fitness creator with influence across fitness & wellness and digital media.,,"Known for fitness, bodybuilding, entrepreneurship, creator-economy.",,,,,,,,,,,,,draft,,,
R197,Pamela Reif,pamela-reif-canonical,Public Figure,Pamela Reif,pamela_rf,female,,,,Germany,DE,,,"German,English","fitness creator,entrepreneur","fitness creator,entrepreneur",Fitness & Wellness,"fitness,health,lifestyle","fitness,workouts,wellness,creator-economy","fitness,workouts,wellness,creator-economy",,,fitness,professional,global,Pamela Reif is a recognized fitness creator with influence across fitness & wellness and digital media.,,"Known for fitness, workouts, wellness, creator-economy.",,,,,,,,,,,,,draft,,,
R198,Chloe Ting,chloe-ting-canonical,Public Figure,Chloe Ting,chloe_t,female,,,,Australia,AU,,,English,fitness creator,fitness creator,Fitness & Wellness,"fitness,health,lifestyle","fitness,workouts,wellness,creator-economy","fitness,workouts,wellness,creator-economy",,,fitness,professional,global,Chloe Ting is a recognized fitness creator with influence across fitness & wellness and digital media.,,"Known for fitness, workouts, wellness, creator-economy.",,,,,,,,,,,,,draft,,,
R199,Natacha Océane,natacha-oceane,Influencer,Natacha Océane,natacha.oceane,female,,,,United Kingdom,GB,,,English,"fitness creator,scientist","fitness creator,scientist",Fitness & Wellness,"fitness,science,health","fitness,exercise,science,wellness","fitness,exercise,science,wellness",,,fitness,professional,global,Natacha Océane is a recognized fitness creator with influence across fitness & wellness and digital media.,,"Known for fitness, exercise, science, wellness.",,,,,,,,,,,,,draft,,,
R200,Jeff Nippard,jeff-nippard,Influencer,Jeff Nippard,jeffnippard,male,,,,Canada,CA,,,English,"fitness creator,bodybuilder","fitness creator,bodybuilder",Fitness & Wellness,"fitness,science,health","fitness,bodybuilding,exercise,science","fitness,bodybuilding,exercise,science",,,fitness,professional,global,Jeff Nippard is a recognized fitness creator with influence across fitness & wellness and digital media.,,"Known for fitness, bodybuilding, exercise, science.",,,,,,,,,,,,,draft,,,
R201,Jeremy Ethier,jeremy-ethier,Influencer,Jeremy Ethier,jeremyethier,male,,,,Canada,CA,,,English,fitness creator,fitness creator,Fitness & Wellness,"fitness,science,health","fitness,exercise,science,wellness","fitness,exercise,science,wellness",,,fitness,professional,global,Jeremy Ethier is a recognized fitness creator with influence across fitness & wellness and digital media.,,"Known for fitness, exercise, science, wellness.",,,,,,,,,,,,,draft,,,
R202,Dr. Mike,dr-mike,Influencer,"Dr. Mike, Mikhail Varshavski",doctor.mike,male,,,,United States,US,,,English,"physician,creator","physician,creator",Health & Wellness,"health,media,education","medicine,health-education,creator-economy","medicine,health-education,creator-economy",,,health,professional,global,Dr. Mike is a recognized physician with influence across health & wellness and digital media.,,"Known for medicine, health-education, creator-economy.",,,,,,,,,,,,,draft,,,
R203,Doctor Mike,doctor-mike-canonical,Public Figure,"Doctor Mike,Mikhail Varshavski",doctor.mike,male,,,,United States,US,,,English,"physician,creator","physician,creator",Health & Wellness,"health,media,education","medicine,health-education,creator-economy","medicine,health-education,creator-economy",,,health,professional,global,Doctor Mike is a recognized physician with influence across health & wellness and digital media.,,"Known for medicine, health-education, creator-economy.",,,,,,,,,,,,,draft,,,
R204,Kara and Nate,kara-and-nate-canonical,Public Figure,Kara and Nate,karaandnate,other,,,,United States,US,,,English,travel creators,travel creators,Travel & Hospitality,"travel,media","travel,tourism,creator-economy","travel,tourism,creator-economy",,,travel,professional,global,Kara and Nate is a recognized travel creators with influence across travel & hospitality and digital media.,,"Known for travel, tourism, creator-economy.",,,,,,,,,,,,,draft,,,
R205,Lost LeBlanc,lost-leblanc,Influencer,"Christian LeBlanc,Lost LeBlanc",lostleblanc,male,,,,Canada,CA,,,English,"travel creator,filmmaker","travel creator,filmmaker",Travel & Hospitality,"travel,media","travel,photography,filmmaking,creator-economy","travel,photography,filmmaking,creator-economy",,,travel,professional,global,Lost LeBlanc is a recognized travel creator with influence across travel & hospitality and digital media.,,"Known for travel, photography, filmmaking, creator-economy.",,,,,,,,,,,,,draft,,,
R206,Hey Nadine,hey-nadine,Influencer,"Nadine Sykora,Hey Nadine",heynadine,female,,,,Canada,CA,,,English,travel creator,travel creator,Travel & Hospitality,"travel,media","travel,tourism,creator-economy","travel,tourism,creator-economy",,,travel,professional,global,Hey Nadine is a recognized travel creator with influence across travel & hospitality and digital media.,,"Known for travel, tourism, creator-economy.",,,,,,,,,,,,,draft,,,
R207,Sorelle Amore,sorelle-amore,Influencer,Sorelle Amore,sorelleamore,female,,,,Australia,AU,,,English,"creator,photographer","creator,photographer",Travel & Hospitality,"travel,photography,lifestyle","travel,photography,lifestyle,creator-economy","travel,photography,lifestyle,creator-economy",,,travel,professional,global,Sorelle Amore is a recognized creator with influence across travel & hospitality and digital media.,,"Known for travel, photography, lifestyle, creator-economy.",,,,,,,,,,,,,draft,,,
R208,Drew Binsky,drew-binsky-canonical,Public Figure,Drew Binsky,drewbinsky,male,,,,United States,US,,,English,travel creator,travel creator,Travel & Hospitality,"travel,media","travel,culture,geography,creator-economy","travel,culture,geography,creator-economy",,,travel,professional,global,Drew Binsky is a recognized travel creator with influence across travel & hospitality and digital media.,,"Known for travel, culture, geography, creator-economy.",,,,,,,,,,,,,draft,,,
R209,The Bucket List Family,bucket-list-family,Influencer,The Bucket List Family,thebucketlistfamily,other,,,,United States,US,,,English,travel creators,travel creators,Travel & Hospitality,"travel,family,media","travel,family,tourism,creator-economy","travel,family,tourism,creator-economy",,,travel,professional,global,The Bucket List Family is a recognized travel creators with influence across travel & hospitality and digital media.,,"Known for travel, family, tourism, creator-economy.",,,,,,,,,,,,,draft,,,
R210,Mark Wiens,mark-wiens,Influencer,Mark Wiens,migrationology,male,,,,United States,US,,,English,food and travel creator,food and travel creator,Food & Beverage,"food,travel,media","food,street-food,travel,creator-economy","food,street-food,travel,creator-economy",,,food,professional,global,Mark Wiens is a recognized food and travel creator with influence across food & beverage and digital media.,,"Known for food, street-food, travel, creator-economy.",,,,,,,,,,,,,draft,,,
R211,Megan Batoon,megan-batoon,Influencer,Megan Batoon,meganbatoon,female,,,,United States,US,,,English,"creator,actor","creator,actor",Lifestyle,"lifestyle,fitness,entertainment","lifestyle,fitness,creator-economy","lifestyle,fitness,creator-economy",,,lifestyle,professional,global,Megan Batoon is a recognized creator with influence across lifestyle and digital media.,,"Known for lifestyle, fitness, creator-economy.",,,,,,,,,,,,,draft,,,
R212,Matt D'Avella,matt-davella-final,Public Figure,Matt D'Avella,mattdavella,male,,,,United States,US,,,English,"filmmaker,creator","filmmaker,creator",Personal Development,"productivity,lifestyle,media","productivity,minimalism,habits,creator-economy","productivity,minimalism,habits,creator-economy",,,lifestyle,professional,global,Matt D'Avella is a recognized filmmaker with influence across personal development and digital media.,,"Known for productivity, minimalism, habits, creator-economy.",,,,,,,,,,,,,draft,,,
R213,Jay Shetty,jay-shetty-canonical,Public Figure,Jay Shetty,jayshetty,male,,,,United Kingdom,GB,,,English,"author,host,creator","author,host,creator",Personal Development,"personal development,media,business","mindfulness,leadership,personal-development,creator-economy","mindfulness,leadership,personal-development,creator-economy",,,personal-development,professional,global,Jay Shetty is a recognized author with influence across personal development and digital media.,,"Known for mindfulness, leadership, personal-development, creator-economy.",,,,,,,,,,,,,draft,,,
R214,Sadhguru,sadhguru,Public Figure,"Sadhguru,Jaggi Vasudev",sadhguru,male,,,,India,IN,,,"English,Hindi,Tamil","author,speaker,creator","author,speaker,creator",Personal Development,"personal development,media,spirituality","mindfulness,personal-development,wellbeing,india","mindfulness,personal-development,wellbeing,india",,,personal-development,professional,global,Sadhguru is a recognized author with influence across personal development and digital media.,,"Known for mindfulness, personal-development, wellbeing, india.",,,,,,,,,,,,,draft,,,
R215,Gaur Gopal Das,gaur-gopal-das,Public Figure,Gaur Gopal Das,gaurgopaldas,male,,,,India,IN,,,"Hindi,English","speaker,author","speaker,author",Personal Development,"personal development,education,media","motivation,leadership,personal-development,india","motivation,leadership,personal-development,india",,,personal-development,professional,global,Gaur Gopal Das is a recognized speaker with influence across personal development and digital media.,,"Known for motivation, leadership, personal-development, india.",,,,,,,,,,,,,draft,,,
R216,Sushant Divakar,sushant-divakar,Influencer,Sushant Divakar,sushantdivakar,male,,,,India,IN,,,"Hindi,English",fitness creator,fitness creator,Fitness & Wellness,"fitness,lifestyle,media","fitness,wellness,india-creators","fitness,wellness,india-creators",,,fitness,professional,global,Sushant Divakar is a recognized fitness creator with influence across fitness & wellness and digital media.,,"Known for fitness, wellness, india-creators.",,,,,,,,,,,,,draft,,,
R217,Kusha Kapila,kusha-kapila-final,Influencer,Kusha Kapila,kushakapila,female,,,,India,IN,,,"Hindi,English","creator,actor,comedian","creator,actor,comedian",Entertainment,"comedy,entertainment,fashion","comedy,acting,fashion,india-creators","comedy,acting,fashion,india-creators",,,comedy,entertainment,global,Kusha Kapila is a recognized creator with influence across entertainment and digital media.,,"Known for comedy, acting, fashion, india-creators.",,,,,,,,,,,,,draft,,,
R218,Dhar Mann,dhar-mann-canonical,Public Figure,Dhar Mann,dharmann,male,,,,United States,US,,,English,"creator,entrepreneur,producer","creator,entrepreneur,producer",Media,"media,business,entertainment","storytelling,entrepreneurship,creator-economy","storytelling,entrepreneurship,creator-economy",,,media,professional,global,Dhar Mann is a recognized creator with influence across media and digital media.,,"Known for storytelling, entrepreneurship, creator-economy.",,,,,,,,,,,,,draft,,,
R272,Catriona Gray,catriona-gray,influencer;public-figure,Catriona Gray,,female,Millennial,,Philippines,Philippines,PH,,Metro Manila,English;Filipino,Model;television personality,Model;television personality,Beauty;Fashion;Entertainment,beauty;fashion;pageants,beauty;fashion;women,beauty;fashion;entertainment,,,beauty;fashion;women,general,Philippines,"Catriona Gray is a model associated with Beauty, Fashion, Entertainment.",,,,,,,,,,,,false,,false,draft,2026-09-01,2026-09-01,"Draft record. Verify identity, official profiles, taxonomy, and all public claims before publication."
R273,Anne Curtis,anne-curtis,influencer;public-figure,Anne Curtis,,female,Millennial,,Philippines,Philippines,PH,,Metro Manila,English;Filipino,Actress;television personality,Actress;television personality;entrepreneur,Entertainment;Beauty;Fashion,celebrity;beauty;fashion,entertainment;beauty,entertainment;beauty,,,entertainment;beauty,general,Philippines,"Anne Curtis is a actress associated with Entertainment, Beauty, Fashion.",,,,,,,,,,,,false,,false,draft,2026-09-01,2026-09-01,"Draft record. Verify identity, official profiles, taxonomy, and all public claims before publication."
R274,Vice Ganda,vice-ganda,public-figure;influencer,Vice Ganda,,non-binary,Millennial,,Philippines,Philippines,PH,,Metro Manila,Filipino;English,Comedian;television host,Comedian;television host;actor,Entertainment;Media,comedy;television,comedy;entertainment,entertainment;media,,,comedy;entertainment,general,Philippines,"Vice Ganda is a comedian associated with Entertainment, Media.",,,,,,,,,,,,false,,false,draft,2026-09-01,2026-09-01,"Draft record. Verify identity, official profiles, taxonomy, and all public claims before publication."
R277,Nailea Devora,nailea-devora,influencer,Nailea Devora,,female,Gen Z,,United States,United States,US,,California,English;Spanish,Creator,Creator;social media personality,Fashion;Beauty;Entertainment,fashion;lifestyle;beauty,lifestyle;fashion,fashion;beauty,,,lifestyle;fashion,general,United States,"Nailea Devora is a creator associated with Fashion, Beauty, Entertainment.",,,,,,,,,,,,false,,false,draft,2026-09-01,2026-09-01,"Draft record. Verify identity, official profiles, taxonomy, and all public claims before publication."
R278,Bella Poarch,bella-poarch,influencer;public-figure,Bella Poarch,,female,Millennial,,Global,United States,US,,California,English;Filipino,Creator;musician,Creator;musician,Music;Entertainment;Beauty,music;beauty;short-form video,music;beauty;entertainment,music;beauty,,,music;beauty;entertainment,general,Global,"Bella Poarch is a creator associated with Music, Entertainment, Beauty.",,,,,,,,,,,,false,,false,draft,2026-09-01,2026-09-01,"Draft record. Verify identity, official profiles, taxonomy, and all public claims before publication."
R279,Niana Guerrero,niana-guerrero,influencer,Niana Guerrero,,female,Gen Z,,Global,Philippines,PH,,Metro Manila,Filipino;English,Creator;dancer,Creator;dancer,Entertainment;Dance,dance;short-form video,dance;entertainment,dance;entertainment,,,dance;entertainment,general,Global,"Niana Guerrero is a creator associated with Entertainment, Dance.",,,,,,,,,,,,false,,false,draft,2026-09-01,2026-09-01,"Draft record. Verify identity, official profiles, taxonomy, and all public claims before publication."
R280,Jannine Weigel,jannine-weigel,influencer;public-figure,Jannine Weigel,,female,Gen Z,,Thailand;Germany,Thailand,TH,,Bangkok,Thai;English;German,Singer;actress;creator,Singer;actress;creator,Music;Entertainment;Beauty,music;acting;beauty,music;entertainment,music;entertainment,,,music;entertainment,general,Thailand;Germany,"Jannine Weigel is a singer associated with Music, Entertainment, Beauty.",,,,,,,,,,,,false,,false,draft,2026-09-01,2026-09-01,"Draft record. Verify identity, official profiles, taxonomy, and all public claims before publication."
R281,Kaykai Salaider,kaykai-salaider,influencer,Kaykai Salaider,,female,Gen Z,,Thailand,Thailand,TH,,Bangkok,Thai,YouTuber;creator,YouTuber;creator,Entertainment;Lifestyle,comedy;lifestyle;vlogs,entertainment;lifestyle,entertainment;lifestyle,,,entertainment;lifestyle,general,Thailand,"Kaykai Salaider is a youtuber associated with Entertainment, Lifestyle.",,,,,,,,,,,,false,,false,draft,2026-09-01,2026-09-01,"Draft record. Verify identity, official profiles, taxonomy, and all public claims before publication."
R282,Atta Halilintar,atta-halilintar,influencer;public-figure,Atta Halilintar,,male,Millennial,,Indonesia,Indonesia,ID,,Jakarta,Indonesian,Creator;entrepreneur,Creator;entrepreneur,Entertainment;Business,family;vlogs;entrepreneurship,entertainment;business,entertainment;business,,,entertainment;business,general,Indonesia,"Atta Halilintar is a creator associated with Entertainment, Business.",,,,,,,,,,,,false,,false,draft,2026-09-01,2026-09-01,"Draft record. Verify identity, official profiles, taxonomy, and all public claims before publication."
R283,Ria Ricis,ria-ricis,influencer;public-figure,Ria Ricis,,female,Millennial,,Indonesia,Indonesia,ID,,Jakarta,Indonesian,Creator;actress,Creator;actress,Entertainment;Lifestyle,vlogs;family;entertainment,entertainment;lifestyle,entertainment;lifestyle,,,entertainment;lifestyle,general,Indonesia,"Ria Ricis is a creator associated with Entertainment, Lifestyle.",,,,,,,,,,,,false,,false,draft,2026-09-01,2026-09-01,"Draft record. Verify identity, official profiles, taxonomy, and all public claims before publication."
R284,Ayu Ting Ting,ayu-ting-ting,public-figure;influencer,Ayu Ting Ting,,female,Millennial,,Indonesia,Indonesia,ID,,Jakarta,Indonesian,Singer;television personality,Singer;television personality,Music;Entertainment,music;television,music;entertainment,music;entertainment,,,music;entertainment,general,Indonesia,"Ayu Ting Ting is a singer associated with Music, Entertainment.",,,,,,,,,,,,false,,false,draft,2026-09-01,2026-09-01,"Draft record. Verify identity, official profiles, taxonomy, and all public claims before publication."
R285,Aiman Azlan,aiman-azlan,influencer;public-figure,Aiman Azlan,,male,Millennial,,Malaysia,Malaysia,MY,,Kuala Lumpur,Malay;English,Speaker;creator;author,Speaker;creator;author,Education;Personal Development,personal development;education,education;self improvement,education;personal development,,,education;self improvement,general,Malaysia,"Aiman Azlan is a speaker associated with Education, Personal Development.",,,,,,,,,,,,false,,false,draft,2026-09-01,2026-09-01,"Draft record. Verify identity, official profiles, taxonomy, and all public claims before publication."
R286,Siti Nurhaliza,siti-nurhaliza,public-figure;influencer,Siti Nurhaliza,,female,Millennial,,Malaysia,Malaysia,MY,,Kuala Lumpur,Malay;English,Singer;entrepreneur,Singer;entrepreneur,Music;Beauty;Business,music;beauty;entrepreneurship,music;beauty,music;beauty,,,music;beauty,general,Malaysia,"Siti Nurhaliza is a singer associated with Music, Beauty, Business.",,,,,,,,,,,,false,,false,draft,2026-09-01,2026-09-01,"Draft record. Verify identity, official profiles, taxonomy, and all public claims before publication."
R287,J-Hope,j-hope,public-figure;influencer,Jung Ho-seok,,male,Millennial,,Global,South Korea,KR,,Seoul,Korean;English,Musician;performer,Musician;performer,Music;Entertainment,K-pop;dance;performance,music;dance,music;entertainment,,,music;dance,general,Global,"J-Hope is a musician associated with Music, Entertainment.",,,,,,,,,,,,false,,false,draft,2026-09-01,2026-09-01,"Draft record. Verify identity, official profiles, taxonomy, and all public claims before publication."
R288,IU,iu,public-figure;influencer,Lee Ji-eun,,female,Millennial,,Global,South Korea,KR,,Seoul,Korean;English,Singer;actress,Singer;actress,Music;Entertainment,K-pop;acting,music;entertainment,music;acting,,,music;entertainment,general,Global,"IU is a singer associated with Music, Entertainment.",,,,,,,,,,,,false,,false,draft,2026-09-01,2026-09-01,"Draft record. Verify identity, official profiles, taxonomy, and all public claims before publication."
R289,Karina,karina,public-figure;influencer,Yoo Ji-min,,female,Gen Z,,Global,South Korea,KR,,Seoul,Korean;English,Singer;performer,Singer;performer,Music;Entertainment;Fashion,K-pop;fashion;performance,music;fashion,music;fashion,,,music;fashion,general,Global,"Karina is a singer associated with Music, Entertainment, Fashion.",,,,,,,,,,,,false,,false,draft,2026-09-01,2026-09-01,"Draft record. Verify identity, official profiles, taxonomy, and all public claims before publication."
R290,Zico,zico,public-figure;influencer,Woo Ji-ho,,male,Millennial,,Global,South Korea,KR,,Seoul,Korean;English,Rapper;producer;creator,Rapper;producer;creator,Music;Entertainment,hip-hop;music production,music;hip-hop,music;entertainment,,,music;hip-hop,general,Global,"Zico is a rapper associated with Music, Entertainment.",,,,,,,,,,,,false,,false,draft,2026-09-01,2026-09-01,"Draft record. Verify identity, official profiles, taxonomy, and all public claims before publication."
R291,Mondo Duplantis,mondo-duplantis,public-figure;influencer,Armand Duplantis,,male,Gen Z,,Global,Sweden,SE,,Stockholm,Swedish;English,Athlete,Pole vaulter,Sports,athletics;track and field;pole vault,athletics;sports,sports;athletics,,,athletics;sports,general,Global,Mondo Duplantis is a athlete associated with Sports.,,,,,,,,,,,,false,,false,draft,2026-09-01,2026-09-01,"Draft record. Verify identity, official profiles, taxonomy, and all public claims before publication."
R292,Zlatan Ibrahimović,zlatan-ibrahimovi,public-figure;influencer,Zlatan Ibrahimović,,male,Millennial,,Global,Sweden,SE,,Malmö,Swedish;English;Italian,Footballer;entrepreneur,Footballer;entrepreneur,Sports;Business,football;soccer;entrepreneurship,football;sports,sports;business,,,football;sports,general,Global,"Zlatan Ibrahimović is a footballer associated with Sports, Business.",,,,,,,,,,,,false,,false,draft,2026-09-01,2026-09-01,"Draft record. Verify identity, official profiles, taxonomy, and all public claims before publication."
R293,Erling Haaland,erling-haaland,public-figure;influencer,Erling Haaland,,male,Gen Z,,Global,Norway,NO,,Oslo,Norwegian;English,Footballer,Professional footballer,Sports,football;soccer,football;sports,sports;football,,,football;sports,general,Global,Erling Haaland is a footballer associated with Sports.,,,,,,,,,,,,false,,false,draft,2026-09-01,2026-09-01,"Draft record. Verify identity, official profiles, taxonomy, and all public claims before publication."
R294,Magnus Carlsen,magnus-carlsen,public-figure;influencer,Magnus Carlsen,,male,Millennial,,Global,Norway,NO,,Oslo,Norwegian;English,Chess player;entrepreneur,Chess grandmaster;entrepreneur,Sports;Business,chess;strategy,chess;sports,sports;strategy,,,chess;sports,general,Global,"Magnus Carlsen is a chess player associated with Sports, Business.",,,,,,,,,,,,false,,false,draft,2026-09-01,2026-09-01,"Draft record. Verify identity, official profiles, taxonomy, and all public claims before publication."
R295,Jakub Błaszczykowski,jakub-b-aszczykowski,public-figure,Jakub Błaszczykowski,,male,Millennial,,Poland,Poland,PL,,Kraków,Polish;German,Footballer,Former professional footballer,Sports,football;soccer,football;sports,sports;football,,,football;sports,general,Poland,Jakub Błaszczykowski is a footballer associated with Sports.,,,,,,,,,,,,false,,false,draft,2026-09-01,2026-09-01,"Draft record. Verify identity, official profiles, taxonomy, and all public claims before publication."
R296,Robert Lewandowski,robert-lewandowski,public-figure;influencer,Robert Lewandowski,,male,Millennial,,Global,Poland,PL,,Warsaw,Polish;English,Footballer,Professional footballer,Sports;Business,football;soccer;fitness,football;sports,sports;business,,,football;sports,general,Global,"Robert Lewandowski is a footballer associated with Sports, Business.",,,,,,,,,,,,false,,false,draft,2026-09-01,2026-09-01,"Draft record. Verify identity, official profiles, taxonomy, and all public claims before publication."
R297,Simona Halep,simona-halep,public-figure;influencer,Simona Halep,,female,Millennial,,Global,Romania,RO,,Constanța,Romanian;English,Tennis player,Professional tennis player,Sports,tennis,tennis;sports,sports;tennis,,,tennis;sports,general,Global,Simona Halep is a tennis player associated with Sports.,,,,,,,,,,,,false,,false,draft,2026-09-01,2026-09-01,"Draft record. Verify identity, official profiles, taxonomy, and all public claims before publication."
R298,David Popovici,david-popovici,public-figure;influencer,David Popovici,,male,Gen Z,,Global,Romania,RO,,Bucharest,Romanian;English,Swimmer,Competitive swimmer,Sports,swimming;olympics,swimming;sports,sports;swimming,,,swimming;sports,general,Global,David Popovici is a swimmer associated with Sports.,,,,,,,,,,,,false,,false,draft,2026-09-01,2026-09-01,"Draft record. Verify identity, official profiles, taxonomy, and all public claims before publication."
R299,Gheorghe Hagi,gheorghe-hagi,public-figure,Gheorghe Hagi,,male,Gen X,,Romania,Romania,RO,,Constanța,Romanian,Footballer;coach,Former footballer;coach,Sports,football;soccer,football;sports,sports;football,,,football;sports,general,Romania,Gheorghe Hagi is a footballer associated with Sports.,,,,,,,,,,,,false,,false,draft,2026-09-01,2026-09-01,"Draft record. Verify identity, official profiles, taxonomy, and all public claims before publication."
R301,Enzo Knol,enzo-knol,influencer,Enzo Knol,,male,Millennial,,Netherlands,Netherlands,NL,,,Dutch,YouTuber;creator,YouTuber;creator,Entertainment;Gaming,gaming;vlogs,gaming;entertainment,entertainment;gaming,,,gaming;entertainment,general,Netherlands,"Enzo Knol is a youtuber associated with Entertainment, Gaming.",,,,,,,,,,,,false,,false,draft,2026-09-01,2026-09-01,"Draft record. Verify identity, official profiles, taxonomy, and all public claims before publication."
R302,Frenna,frenna,public-figure;influencer,Francis Edusei,,male,Millennial,,Netherlands;Ghana,Netherlands,NL,,The Hague,Dutch;English,Rapper;musician,Rapper;musician,Music;Entertainment,hip-hop;music,music;hip-hop,music;entertainment,,,music;hip-hop,general,Netherlands;Ghana,"Frenna is a rapper associated with Music, Entertainment.",,,,,,,,,,,,false,,false,draft,2026-09-01,2026-09-01,"Draft record. Verify identity, official profiles, taxonomy, and all public claims before publication."
R304,Stormzy,stormzy,public-figure;influencer,Michael Omari,,male,Millennial,,UK;Global,UK,GB,,London,English,Rapper;entrepreneur,Rapper;entrepreneur,Music;Business,grime;hip-hop;entrepreneurship,music;business,music;business,,,music;business,general,UK;Global,"Stormzy is a rapper associated with Music, Business.",,,,,,,,,,,,false,,false,draft,2026-09-01,2026-09-01,"Draft record. Verify identity, official profiles, taxonomy, and all public claims before publication."
R306,Amelia Dimoldenberg,amelia-dimoldenberg,influencer;public-figure,Amelia Dimoldenberg,,female,Millennial,,Global,UK,GB,,London,English,Host;creator;producer,Host;creator;producer,Entertainment;Media,interviews;comedy;pop culture,media;entertainment,media;entertainment,,,media;entertainment,general,Global,"Amelia Dimoldenberg is a host associated with Entertainment, Media.",,,,,,,,,,,,false,,false,draft,2026-09-01,2026-09-01,"Draft record. Verify identity, official profiles, taxonomy, and all public claims before publication."
R307,Tyla,tyla,public-figure;influencer,Tyla Seethal,,female,Gen Z,,Global,South Africa,ZA,,Johannesburg,English,Singer;performer,Singer;performer,Music;Entertainment;Fashion,afropop;amapiano;dance,music;dance,music;entertainment,,,music;dance,general,Global,"Tyla is a singer associated with Music, Entertainment, Fashion.",,,,,,,,,,,,false,,false,draft,2026-09-01,2026-09-01,"Draft record. Verify identity, official profiles, taxonomy, and all public claims before publication."
R310,Black Coffee,black-coffee,public-figure;influencer,Nkosinathi Maphumulo,,male,Gen X,,Global,South Africa,ZA,,Durban,English;Zulu,DJ;producer,DJ;producer,Music;Entertainment,house music;electronic music,music;dj,music;entertainment,,,music;dj,general,Global,"Black Coffee is a dj associated with Music, Entertainment.",,,,,,,,,,,,false,,false,draft,2026-09-01,2026-09-01,"Draft record. Verify identity, official profiles, taxonomy, and all public claims before publication."
R311,Shallipopi,shallipopi,influencer;public-figure,Crown Uzama,,male,Gen Z,,Global,Nigeria,NG,,Benin City,English;Edo,Musician;creator,Musician;creator,Music;Entertainment,afrobeats;music,music;afrobeats,music;entertainment,,,music;afrobeats,general,Global,"Shallipopi is a musician associated with Music, Entertainment.",,,,,,,,,,,,false,,false,draft,2026-09-01,2026-09-01,"Draft record. Verify identity, official profiles, taxonomy, and all public claims before publication."
R314,Asake,asake,public-figure;influencer,Ahmed Ololade,,male,Millennial,,Global,Nigeria,NG,,Lagos,English;Yoruba,Singer;performer,Singer;performer,Music;Entertainment,afrobeats;afropiano,music;afrobeats,music;entertainment,,,music;afrobeats,general,Global,"Asake is a singer associated with Music, Entertainment.",,,,,,,,,,,,false,,false,draft,2026-09-01,2026-09-01,"Draft record. Verify identity, official profiles, taxonomy, and all public claims before publication."
R315,Kizz Daniel,kizz-daniel,public-figure;influencer,Oluwatobiloba Daniel Anidugbe,,male,Millennial,,Global,Nigeria,NG,,Lagos,English;Yoruba,Singer;songwriter,Singer;songwriter,Music;Entertainment,afrobeats;music,music;afrobeats,music;entertainment,,,music;afrobeats,general,Global,"Kizz Daniel is a singer associated with Music, Entertainment.",,,,,,,,,,,,false,,false,draft,2026-09-01,2026-09-01,"Draft record. Verify identity, official profiles, taxonomy, and all public claims before publication."
R316,Shatta Wale,shatta-wale,public-figure;influencer,Charles Nii Armah Mensah Jr.,,male,Millennial,,Ghana;Global,Ghana,GH,,Accra,English,Musician;entrepreneur,Musician;entrepreneur,Music;Business;Entertainment,dancehall;afrobeats;entrepreneurship,music;business,music;business,,,music;business,general,Ghana;Global,"Shatta Wale is a musician associated with Music, Business, Entertainment.",,,,,,,,,,,,false,,false,draft,2026-09-01,2026-09-01,"Draft record. Verify identity, official profiles, taxonomy, and all public claims before publication."
R317,Sarkodie,sarkodie,public-figure;influencer,Michael Owusu Addo,,male,Millennial,,Ghana;Global,Ghana,GH,,Tema,English;Twi,Rapper;entrepreneur,Rapper;entrepreneur,Music;Business,hip-hop;afrobeats,music;business,music;business,,,music;business,general,Ghana;Global,"Sarkodie is a rapper associated with Music, Business.",,,,,,,,,,,,false,,false,draft,2026-09-01,2026-09-01,"Draft record. Verify identity, official profiles, taxonomy, and all public claims before publication."
R318,Jackie Appiah,jackie-appiah,public-figure;influencer,Jackie Appiah,,female,Millennial,,Ghana;Nigeria,Ghana,GH,,Accra,English,Actress;creator,Actress;media personality,Entertainment;Beauty,acting;beauty,entertainment;beauty,entertainment;beauty,,,entertainment;beauty,general,Ghana;Nigeria,"Jackie Appiah is a actress associated with Entertainment, Beauty.",,,,,,,,,,,,false,,false,draft,2026-09-01,2026-09-01,"Draft record. Verify identity, official profiles, taxonomy, and all public claims before publication."
R319,Eliud Kipchoge,eliud-kipchoge,public-figure;influencer,Eliud Kipchoge,,male,Gen X,,Global,Kenya,KE,,Eldoret,English;Swahili,Athlete,Long-distance runner,Sports,marathon;running;athletics,running;athletics,sports;athletics,,,running;athletics,general,Global,Eliud Kipchoge is a athlete associated with Sports.,,,,,,,,,,,,false,,false,draft,2026-09-01,2026-09-01,"Draft record. Verify identity, official profiles, taxonomy, and all public claims before publication."
R321,Harmonize,harmonize,public-figure;influencer,Rajab Abdul Kahali,,male,Millennial,,East Africa;Global,Tanzania,TZ,,Dar es Salaam,Swahili;English,Singer;creator,Singer;creator,Music;Entertainment,bongo flava;afrobeats,music;afrobeats,music;entertainment,,,music;afrobeats,general,East Africa;Global,"Harmonize is a singer associated with Music, Entertainment.",,,,,,,,,,,,false,,false,draft,2026-09-01,2026-09-01,"Draft record. Verify identity, official profiles, taxonomy, and all public claims before publication."
R322,Eddie Butita,eddie-butita,influencer;public-figure,Eddie Butita,,male,Millennial,,Kenya,Kenya,KE,,Nairobi,English;Swahili,Comedian;writer;creator,Comedian;writer;creator,Entertainment;Media,comedy;digital media,comedy;media,entertainment;media,,,comedy;media,general,Kenya,"Eddie Butita is a comedian associated with Entertainment, Media.",,,,,,,,,,,,false,,false,draft,2026-09-01,2026-09-01,"Draft record. Verify identity, official profiles, taxonomy, and all public claims before publication."
R327,AboFlah,aboflah,influencer,Hassan Suleiman,,male,Millennial,,Middle East;Global,Kuwait,KW,,Kuwait City,Arabic;English,Creator,YouTuber;creator,Entertainment;Gaming,gaming;charity;vlogs,gaming;entertainment,gaming;entertainment,,,gaming;entertainment,general,Middle East;Global,"AboFlah is a creator associated with Entertainment, Gaming.",,,,,,,,,,,,false,,false,draft,2026-09-01,2026-09-01,"Draft record. Verify identity, official profiles, taxonomy, and all public claims before publication."
R328,Bassem Youssef,bassem-youssef,public-figure;influencer,Bassem Raafat Mohamed Youssef,,male,Gen X,,Global,Egypt,EG,,Cairo,Arabic;English,Comedian;host;author,Comedian;host;author,Media;Entertainment,satire;comedy;television,comedy;media,media;entertainment,,,comedy;media,general,Global,"Bassem Youssef is a comedian associated with Media, Entertainment.",,,,,,,,,,,,false,,false,draft,2026-09-01,2026-09-01,"Draft record. Verify identity, official profiles, taxonomy, and all public claims before publication."
R329,Ahmed Hassan,ahmed-hassan,influencer,Ahmed Hassan,,male,Millennial,,Egypt,Egypt,EG,,Cairo,Arabic,Creator;entrepreneur,Creator;entrepreneur,Entertainment;Business,vlogs;entrepreneurship,entertainment;business,entertainment;business,,,entertainment;business,general,Egypt,"Ahmed Hassan is a creator associated with Entertainment, Business.",,,,,,,,,,,,false,,false,draft,2026-09-01,2026-09-01,"Draft record. Verify identity, official profiles, taxonomy, and all public claims before publication."
R330,Salah,salah,public-figure;influencer,Mohamed Salah,,male,Millennial,,Global,Egypt,EG,,Nagrig,Arabic;English,Footballer,Professional footballer,Sports,football;soccer,football;sports,sports;football,,,football;sports,general,Global,Salah is a footballer associated with Sports.,,,,,,,,,,,,false,,false,draft,2026-09-01,2026-09-01,"Draft record. Verify identity, official profiles, taxonomy, and all public claims before publication."
R331,Achraf Hakimi,achraf-hakimi,public-figure;influencer,Achraf Hakimi,,male,Millennial,,Global,Morocco,MA,,Madrid,Arabic;French;Spanish;English,Footballer,Professional footballer,Sports;Fashion,football;soccer;fashion,football;fashion,sports;fashion,,,football;fashion,general,Global,"Achraf Hakimi is a footballer associated with Sports, Fashion.",,,,,,,,,,,,false,,false,draft,2026-09-01,2026-09-01,"Draft record. Verify identity, official profiles, taxonomy, and all public claims before publication."
R332,Leïla Bekhti,le-la-bekhti,public-figure,Leïla Bekhti,,female,Millennial,,France;Global,France,FR,,Paris,French,Actress,Actress,Entertainment;Fashion,film;acting;fashion,film;fashion,entertainment;fashion,,,film;fashion,general,France;Global,"Leïla Bekhti is a actress associated with Entertainment, Fashion.",,,,,,,,,,,,false,,false,draft,2026-09-01,2026-09-01,"Draft record. Verify identity, official profiles, taxonomy, and all public claims before publication."
R333,Squeezie,squeezie,influencer;public-figure,Lucas Hauchard,,male,Millennial,,France;Global,France,FR,,Paris,French,YouTuber;creator;entrepreneur,YouTuber;creator;entrepreneur,Entertainment;Gaming;Business,gaming;vlogs;entrepreneurship,gaming;entertainment,entertainment;business,,,gaming;entertainment,general,France;Global,"Squeezie is a youtuber associated with Entertainment, Gaming, Business.",,,,,,,,,,,,false,,false,draft,2026-09-01,2026-09-01,"Draft record. Verify identity, official profiles, taxonomy, and all public claims before publication."
R334,Cyprien,cyprien,influencer;public-figure,Cyprien Iov,,male,Millennial,,France;Global,France,FR,,Paris,French,YouTuber;creator;actor,YouTuber;creator;actor,Entertainment;Media,comedy;gaming;film,comedy;entertainment,entertainment;media,,,comedy;entertainment,general,France;Global,"Cyprien is a youtuber associated with Entertainment, Media.",,,,,,,,,,,,false,,false,draft,2026-09-01,2026-09-01,"Draft record. Verify identity, official profiles, taxonomy, and all public claims before publication."
R335,Tibo InShape,tibo-inshape,influencer;public-figure,Thibaud Delapart,,male,Millennial,,France;Global,France,FR,,Toulouse,French,Fitness creator,Fitness creator;YouTuber,Fitness;Sports,fitness;workouts;health,fitness;sports,fitness;sports,,,fitness;sports,general,France;Global,"Tibo InShape is a fitness creator associated with Fitness, Sports.",,,,,,,,,,,,false,,false,draft,2026-09-01,2026-09-01,"Draft record. Verify identity, official profiles, taxonomy, and all public claims before publication."
R336,Natoo,natoo,influencer;public-figure,Nathalie Odzierejko,,female,Millennial,,France,France,FR,,Paris,French,Creator;actress,Creator;actress,Entertainment;Fashion,comedy;acting;lifestyle,entertainment;lifestyle,entertainment;fashion,,,entertainment;lifestyle,general,France,"Natoo is a creator associated with Entertainment, Fashion.",,,,,,,,,,,,false,,false,draft,2026-09-01,2026-09-01,"Draft record. Verify identity, official profiles, taxonomy, and all public claims before publication."
R339,Rosalía,rosal-a,public-figure;influencer,Rosalía Vila,,female,Millennial,,Global,Spain,ES,,Barcelona,Spanish;Catalan;English,Singer;producer,Singer;producer,Music;Fashion,flamenco;pop;fashion,music;fashion,music;fashion,,,music;fashion,general,Global,"Rosalía is a singer associated with Music, Fashion.",,,,,,,,,,,,false,,false,draft,2026-09-01,2026-09-01,"Draft record. Verify identity, official profiles, taxonomy, and all public claims before publication."
R340,Jorge Martín,jorge-mart-n,public-figure;influencer,Jorge Martín Almoguera,,male,Gen Z,,Global,Spain,ES,,Madrid,Spanish;English,Motorcycle racer,MotoGP rider,Sports,MotoGP;motorcycle racing,motorsports;sports,sports;motorsports,,,motorsports;sports,general,Global,Jorge Martín is a motorcycle racer associated with Sports.,,,,,,,,,,,,false,,false,draft,2026-09-01,2026-09-01,"Draft record. Verify identity, official profiles, taxonomy, and all public claims before publication."
R341,Federico Valverde,federico-valverde,public-figure;influencer,Federico Valverde,,male,Gen Z,,Global,Uruguay,UY,,Montevideo,Spanish,Footballer,Professional footballer,Sports,football;soccer,football;sports,sports;football,,,football;sports,general,Global,Federico Valverde is a footballer associated with Sports.,,,,,,,,,,,,false,,false,draft,2026-09-01,2026-09-01,"Draft record. Verify identity, official profiles, taxonomy, and all public claims before publication."
R342,Luis Suárez,luis-su-rez,public-figure;influencer,Luis Suárez,,male,Millennial,,Global,Uruguay,UY,,Salto,Spanish;English,Footballer,Professional footballer,Sports,football;soccer,football;sports,sports;football,,,football;sports,general,Global,Luis Suárez is a footballer associated with Sports.,,,,,,,,,,,,false,,false,draft,2026-09-01,2026-09-01,"Draft record. Verify identity, official profiles, taxonomy, and all public claims before publication."
R343,Duki,duki,public-figure;influencer,Mauro Ezequiel Lombardo,,male,Millennial,,Spanish-speaking;Global,Argentina,AR,,Buenos Aires,Spanish,Rapper;musician,Rapper;musician,Music;Entertainment,trap;hip-hop,music;hip-hop,music;entertainment,,,music;hip-hop,general,Spanish-speaking;Global,"Duki is a rapper associated with Music, Entertainment.",,,,,,,,,,,,false,,false,draft,2026-09-01,2026-09-01,"Draft record. Verify identity, official profiles, taxonomy, and all public claims before publication."
R344,Bizarrap,bizarrap,public-figure;influencer,Gonzalo Julián Conde,,male,Millennial,,Spanish-speaking;Global,Argentina,AR,,Buenos Aires,Spanish,Producer;DJ;creator,Music producer;DJ,Music;Entertainment,music production;urban music,music;production,music;entertainment,,,music;production,general,Spanish-speaking;Global,"Bizarrap is a producer associated with Music, Entertainment.",,,,,,,,,,,,false,,false,draft,2026-09-01,2026-09-01,"Draft record. Verify identity, official profiles, taxonomy, and all public claims before publication."
R345,Emilia Mernes,emilia-mernes,public-figure;influencer,María Emilia Mernes Rueda,,female,Millennial,,Spanish-speaking;Global,Argentina,AR,,Nogoyá,Spanish,Singer;performer,Singer;performer,Music;Fashion,pop;urban music;fashion,music;fashion,music;fashion,,,music;fashion,general,Spanish-speaking;Global,"Emilia Mernes is a singer associated with Music, Fashion.",,,,,,,,,,,,false,,false,draft,2026-09-01,2026-09-01,"Draft record. Verify identity, official profiles, taxonomy, and all public claims before publication."
R346,Tini,tini,public-figure;influencer,Martina Stoessel,,female,Gen Z,,Spanish-speaking;Global,Argentina,AR,,Buenos Aires,Spanish;English,Singer;actress,Singer;actress,Music;Entertainment;Fashion,pop;acting;fashion,music;entertainment,music;fashion,,,music;entertainment,general,Spanish-speaking;Global,"Tini is a singer associated with Music, Entertainment, Fashion.",,,,,,,,,,,,false,,false,draft,2026-09-01,2026-09-01,"Draft record. Verify identity, official profiles, taxonomy, and all public claims before publication."
R347,Karol G,karol-g,public-figure;influencer,Carolina Giraldo Navarro,,female,Millennial,,Global,Colombia,CO,,Medellín,Spanish;English,Singer;entrepreneur,Singer;entrepreneur,Music;Business;Fashion,reggaeton;latin music;fashion,music;fashion,music;business,,,music;fashion,general,Global,"Karol G is a singer associated with Music, Business, Fashion.",,,,,,,,,,,,false,,false,draft,2026-09-01,2026-09-01,"Draft record. Verify identity, official profiles, taxonomy, and all public claims before publication."
R348,J Balvin,j-balvin,public-figure;influencer,José Álvaro Osorio Balvin,,male,Millennial,,Global,Colombia,CO,,Medellín,Spanish;English,Singer;entrepreneur,Singer;entrepreneur,Music;Fashion;Business,reggaeton;latin music;fashion,music;fashion,music;business,,,music;fashion,general,Global,"J Balvin is a singer associated with Music, Fashion, Business.",,,,,,,,,,,,false,,false,draft,2026-09-01,2026-09-01,"Draft record. Verify identity, official profiles, taxonomy, and all public claims before publication."
R350,Juanpa Zurita,juanpa-zurita,influencer;public-figure,Juan Pablo Martínez-Zurita Arellano,,male,Millennial,,Spanish-speaking;Global,Mexico,MX,,Mexico City,Spanish;English,Creator;actor;entrepreneur,Creator;actor;entrepreneur,Entertainment;Fashion;Business,lifestyle;acting;entrepreneurship,lifestyle;entertainment,entertainment;business,,,lifestyle;entertainment,general,Spanish-speaking;Global,"Juanpa Zurita is a creator associated with Entertainment, Fashion, Business.",,,,,,,,,,,,false,,false,draft,2026-09-01,2026-09-01,"Draft record. Verify identity, official profiles, taxonomy, and all public claims before publication."
R352,Danna,danna,public-figure;influencer,Danna Paola Rivera Munguía,,female,Millennial,,Spanish-speaking;Global,Mexico,MX,,Mexico City,Spanish;English,Singer;actress,Singer;actress,Music;Entertainment;Fashion,pop;acting;fashion,music;fashion,music;entertainment,,,music;fashion,general,Spanish-speaking;Global,"Danna is a singer associated with Music, Entertainment, Fashion.",,,,,,,,,,,,false,,false,draft,2026-09-01,2026-09-01,"Draft record. Verify identity, official profiles, taxonomy, and all public claims before publication."
R353,Whindersson Nunes,whindersson-nunes,influencer;public-figure,Whindersson Nunes Batista,,male,Millennial,,Portuguese-speaking;Global,Brazil,BR,,Bom Jesus,Portuguese,Comedian;creator;musician,Comedian;creator;musician,Entertainment;Media;Music,comedy;vlogs;music,comedy;entertainment,entertainment;media,,,comedy;entertainment,general,Portuguese-speaking;Global,"Whindersson Nunes is a comedian associated with Entertainment, Media, Music.",,,,,,,,,,,,false,,false,draft,2026-09-01,2026-09-01,"Draft record. Verify identity, official profiles, taxonomy, and all public claims before publication."
R354,Casimiro Miguel,casimiro-miguel,influencer;public-figure,Casimiro Miguel Vieira da Silva Ferreira,,male,Millennial,,Brazil;Global,Brazil,BR,,Rio de Janeiro,Portuguese,Streamer;host;creator,Streamer;host;creator,Sports;Media;Entertainment,football;streaming;commentary,sports;media,sports;media,,,sports;media,general,Brazil;Global,"Casimiro Miguel is a streamer associated with Sports, Media, Entertainment.",,,,,,,,,,,,false,,false,draft,2026-09-01,2026-09-01,"Draft record. Verify identity, official profiles, taxonomy, and all public claims before publication."
R355,Virginia Fonseca,virginia-fonseca,influencer;public-figure,Virginia Fonseca Serrão Costa,,female,Millennial,,Brazil,Brazil,BR,,São Paulo,Portuguese,Creator;entrepreneur,Creator;entrepreneur,Beauty;Business;Entertainment,beauty;lifestyle;entrepreneurship,beauty;business,beauty;business,,,beauty;business,general,Brazil,"Virginia Fonseca is a creator associated with Beauty, Business, Entertainment.",,,,,,,,,,,,false,,false,draft,2026-09-01,2026-09-01,"Draft record. Verify identity, official profiles, taxonomy, and all public claims before publication."
R357,Gaby Espino,gaby-espino,public-figure;influencer,Gaby Espino,,female,Millennial,,Latin America;Global,Venezuela,VE,,Caracas,Spanish;English,Actress;host;entrepreneur,Actress;host;entrepreneur,Entertainment;Beauty;Business,acting;beauty;television,entertainment;beauty,entertainment;business,,,entertainment;beauty,general,Latin America;Global,"Gaby Espino is a actress associated with Entertainment, Beauty, Business.",,,,,,,,,,,,false,,false,draft,2026-09-01,2026-09-01,"Draft record. Verify identity, official profiles, taxonomy, and all public claims before publication."
R358,Natti Natasha,natti-natasha,public-figure;influencer,Natali Alexandra Gutiérrez Batista,,female,Millennial,,Global,Dominican Republic,DO,,Santiago de los Caballeros,Spanish;English,Singer;entrepreneur,Singer;entrepreneur,Music;Beauty;Business,reggaeton;latin music;beauty,music;beauty,music;business,,,music;beauty,general,Global,"Natti Natasha is a singer associated with Music, Beauty, Business.",,,,,,,,,,,,false,,false,draft,2026-09-01,2026-09-01,"Draft record. Verify identity, official profiles, taxonomy, and all public claims before publication."
R359,El Alfa,el-alfa,public-figure;influencer,Emanuel Herrera Batista,,male,Millennial,,Latin America;Global,Dominican Republic,DO,,Bajós de Haina,Spanish,Musician,Dembow artist,Music;Entertainment,dembow;latin music,music;entertainment,music;entertainment,,,music;entertainment,general,Latin America;Global,"El Alfa is a musician associated with Music, Entertainment.",,,,,,,,,,,,false,,false,draft,2026-09-01,2026-09-01,"Draft record. Verify identity, official profiles, taxonomy, and all public claims before publication."
R360,Nicki Nicole,nicki-nicole,public-figure;influencer,Nicole Denise Cucco,,female,Gen Z,,Spanish-speaking;Global,Argentina,AR,,Rosario,Spanish,Singer;rapper,Singer;rapper,Music;Entertainment;Fashion,urban music;rap,music;fashion,music;entertainment,,,music;fashion,general,Spanish-speaking;Global,"Nicki Nicole is a singer associated with Music, Entertainment, Fashion.",,,,,,,,,,,,false,,false,draft,2026-09-01,2026-09-01,"Draft record. Verify identity, official profiles, taxonomy, and all public claims before publication."
p89829e8,Sheila Mwanyigha,sheila-mwanyigha,Public Figure,,,,,,Kenya,Rwanda,,Africa,,,singer,singer;radio presenter,Music,Music;Media,,,,,,,International,,,,,,,,,,,,,false,,false,draft,2026-09-01,2026-09-01,"Draft directory record. Source-verify identity, official links, taxonomy, and any public metrics before publication."
pf072746,Bruce Melodie,bruce-melodie,Influencer,,,,,,Rwanda,Rwanda,,Africa,,,singer,singer;musician,Music,Music,,,,,,,International,,,,,,,,,,,,,false,,false,draft,2026-09-01,2026-09-01,"Draft directory record. Source-verify identity, official links, taxonomy, and any public metrics before publication."
pe9de33d,Sherrie Silver,sherrie-silver,Influencer,,,,,,Rwanda,Rwanda,,Africa,,,dancer,dancer;choreographer,Dance,Dance;Entertainment,,,,,,,International,,,,,,,,,,,,,false,,false,draft,2026-09-01,2026-09-01,"Draft directory record. Source-verify identity, official links, taxonomy, and any public metrics before publication."
p1d220a6,Eddy Kenzo,eddy-kenzo,Public Figure,,,,,,Uganda,Uganda,,Africa,,,singer,singer;musician,Music,Music,,,,,,,International,,,,,,,,,,,,,false,,false,draft,2026-09-01,2026-09-01,"Draft directory record. Source-verify identity, official links, taxonomy, and any public metrics before publication."
p419f4c5,Anne Kansiime,anne-kansiime,Influencer,,,,,,Uganda,Uganda,,Africa,,,comedian,comedian;actress,Entertainment,Entertainment;Comedy,,,,,,,International,,,,,,,,,,,,,false,,false,draft,2026-09-01,2026-09-01,"Draft directory record. Source-verify identity, official links, taxonomy, and any public metrics before publication."
p7bbb3a5,Sheebah Karungi,sheebah-karungi,Public Figure,,,,,,Uganda,Uganda,,Africa,,,singer,singer;actress,Music,Music;Entertainment,,,,,,,International,,,,,,,,,,,,,false,,false,draft,2026-09-01,2026-09-01,"Draft directory record. Source-verify identity, official links, taxonomy, and any public metrics before publication."
p1ea14e1,Diamond Platnumz,diamond-platnumz,Public Figure,,,,,,Tanzania,Tanzania,,Africa,,,singer,singer;entrepreneur,Music,Music;Entertainment,,,,,,,International,,,,,,,,,,,,,false,,false,draft,2026-09-01,2026-09-01,"Draft directory record. Source-verify identity, official links, taxonomy, and any public metrics before publication."
pb046669,Vanessa Mdee,vanessa-mdee,Public Figure,,,,,,Tanzania,Tanzania,,Africa,,,singer,singer;television personality,Music,Music;Entertainment,,,,,,,International,,,,,,,,,,,,,false,,false,draft,2026-09-01,2026-09-01,"Draft directory record. Source-verify identity, official links, taxonomy, and any public metrics before publication."
p9739049,Millard Ayo,millard-ayo,Influencer,,,,,,Tanzania,Tanzania,,Africa,,,journalist,journalist;media personality,Media,Media;Entertainment,,,,,,,International,,,,,,,,,,,,,false,,false,draft,2026-09-01,2026-09-01,"Draft directory record. Source-verify identity, official links, taxonomy, and any public metrics before publication."
p8f9c801,Betoch Kebede,betoch-kebede,Influencer,,,,,,Ethiopia,Ethiopia,,Africa,,,comedian,comedian;content creator,Entertainment,Entertainment;Comedy,,,,,,,International,,,,,,,,,,,,,false,,false,draft,2026-09-01,2026-09-01,"Draft directory record. Source-verify identity, official links, taxonomy, and any public metrics before publication."
p31de439,Lij Michael,lij-michael,Public Figure,,,,,,Ethiopia,Ethiopia,,Africa,,,singer,singer;musician,Music,Music;Entertainment,,,,,,,International,,,,,,,,,,,,,false,,false,draft,2026-09-01,2026-09-01,"Draft directory record. Source-verify identity, official links, taxonomy, and any public metrics before publication."
p8e0d066,Sadio Mané,sadio-man,Public Figure,,,,,,Senegal,Senegal,,Africa,,,footballer,footballer,Sports,Sports,,,footballer,footballer,,,International,,,,,,,,,,,,,false,,false,draft,2026-09-01,2026-09-01,"Draft directory record. Source-verify identity, official links, taxonomy, and any public metrics before publication."
pf95f9e8,Youssou N'Dour,youssou-n-dour,Public Figure,,,,,,Senegal,Senegal,,Africa,,,singer,singer;musician,Music,Music;Entertainment,,,,,,,International,,,,,,,,,,,,,false,,false,draft,2026-09-01,2026-09-01,"Draft directory record. Source-verify identity, official links, taxonomy, and any public metrics before publication."
p24eb99f,Akhlou Brick,akhlou-brick,Influencer,,,,,,Senegal,Senegal,,Africa,,,music group member,music group member;creator,Music,Music;Entertainment,,,,,,,International,,,,,,,,,,,,,false,,false,draft,2026-09-01,2026-09-01,"Draft directory record. Source-verify identity, official links, taxonomy, and any public metrics before publication."
p3e605eb,Didier Drogba,didier-drogba,Public Figure,,,,,,Côte d'Ivoire,Côte d'Ivoire,,Africa,,,footballer,footballer,Sports,Sports,,,footballer,footballer,,,International,,,,,,,,,,,,,false,,false,draft,2026-09-01,2026-09-01,"Draft directory record. Source-verify identity, official links, taxonomy, and any public metrics before publication."
p6a21e15,Didi B,didi-b,Influencer,,,,,,Côte d'Ivoire,Côte d'Ivoire,,Africa,,,rapper,rapper;musician,Music,Music;Entertainment,,,,,,,International,,,,,,,,,,,,,false,,false,draft,2026-09-01,2026-09-01,"Draft directory record. Source-verify identity, official links, taxonomy, and any public metrics before publication."
pfb2c89c,Samuel Eto'o,samuel-eto-o,Public Figure,,,,,,Cameroon,Cameroon,,Africa,,,footballer,footballer,Sports,Sports,,,footballer,footballer,,,International,,,,,,,,,,,,,false,,false,draft,2026-09-01,2026-09-01,"Draft directory record. Source-verify identity, official links, taxonomy, and any public metrics before publication."
pc1ea475,Charlotte Dipanda,charlotte-dipanda,Public Figure,,,,,,Cameroon,Cameroon,,Africa,,,singer,singer;musician,Music,Music,,,,,,,International,,,,,,,,,,,,,false,,false,draft,2026-09-01,2026-09-01,"Draft directory record. Source-verify identity, official links, taxonomy, and any public metrics before publication."
p6983e23,Najat Aatabou,najat-aatabou,Public Figure,,,,,,Morocco,Morocco,,Africa,,,singer,singer;musician,Music,Music,,,,,,,International,,,,,,,,,,,,,false,,false,draft,2026-09-01,2026-09-01,"Draft directory record. Source-verify identity, official links, taxonomy, and any public metrics before publication."
p68dbcd3,Salma Elshimi,salma-elshimi,Influencer,,,,,,Morocco,Morocco,,Africa,,,fashion creator,fashion creator;model,Fashion,Fashion;Beauty,,,,,,,International,,,,,,,,,,,,,false,,false,draft,2026-09-01,2026-09-01,"Draft directory record. Source-verify identity, official links, taxonomy, and any public metrics before publication."
pf349686,Riyad Mahrez,riyad-mahrez,Public Figure,,,,,,Algeria,Algeria,,Africa,,,footballer,footballer,Sports,Sports,,,footballer,footballer,,,International,,,,,,,,,,,,,false,,false,draft,2026-09-01,2026-09-01,"Draft directory record. Source-verify identity, official links, taxonomy, and any public metrics before publication."
pae8f134,Soolking,soolking,Public Figure,,,,,,Algeria,Algeria,,Africa,,,singer,singer;rapper,Music,Music,,,,,,,International,,,,,,,,,,,,,false,,false,draft,2026-09-01,2026-09-01,"Draft directory record. Source-verify identity, official links, taxonomy, and any public metrics before publication."
p8814b74,Ons Jabeur,ons-jabeur,Public Figure,,,,,,Tunisia,Tunisia,,Africa,,,tennis player,tennis player,Sports,Sports,,,tennis player,tennis player,,,International,,,,,,,,,,,,,false,,false,draft,2026-09-01,2026-09-01,"Draft directory record. Source-verify identity, official links, taxonomy, and any public metrics before publication."
pec84179,Balti,balti,Public Figure,,,,,,Tunisia,Tunisia,,Africa,,,rapper,rapper;musician,Music,Music,,,,,,,International,,,,,,,,,,,,,false,,false,draft,2026-09-01,2026-09-01,"Draft directory record. Source-verify identity, official links, taxonomy, and any public metrics before publication."
p00b753d,Shakib Al Hasan,shakib-al-hasan,Public Figure,,,,,,Bangladesh,Bangladesh,,Asia,,,cricketer,cricketer,Sports,Sports,,,cricketer,cricketer,,,International,,,,,,,,,,,,,false,,false,draft,2026-09-01,2026-09-01,"Draft directory record. Source-verify identity, official links, taxonomy, and any public metrics before publication."
p8b3b2f8,Tahsan Rahman Khan,tahsan-rahman-khan,Public Figure,,,,,,Bangladesh,Bangladesh,,Asia,,,singer,singer;actor,Music,Music;Entertainment,,,,,,,International,,,,,,,,,,,,,false,,false,draft,2026-09-01,2026-09-01,"Draft directory record. Source-verify identity, official links, taxonomy, and any public metrics before publication."
p84661d8,Salman Muqtadir,salman-muqtadir,Influencer,,,,,,Bangladesh,Bangladesh,,Asia,,,content creator,content creator,Entertainment,Entertainment;Comedy,,,,,,,International,,,,,,,,,,,,,false,,false,draft,2026-09-01,2026-09-01,"Draft directory record. Source-verify identity, official links, taxonomy, and any public metrics before publication."
pdd74be7,Mooroo,mooroo,Influencer,,,,,,Pakistan,Pakistan,,Asia,,,filmmaker,filmmaker;content creator,Entertainment,Entertainment;Travel,,,,,,,International,,,,,,,,,,,,,false,,false,draft,2026-09-01,2026-09-01,"Draft directory record. Source-verify identity, official links, taxonomy, and any public metrics before publication."
pa526bbd,Irfan Junejo,irfan-junejo,Influencer,,,,,,Pakistan,Pakistan,,Asia,,,filmmaker,filmmaker;YouTuber,Travel,Travel;Entertainment,,,,,,,International,,,,,,,,,,,,,false,,false,draft,2026-09-01,2026-09-01,"Draft directory record. Source-verify identity, official links, taxonomy, and any public metrics before publication."
p557f7bb,Ducky Bhai,ducky-bhai,Influencer,,,,,,Pakistan,Pakistan,,Asia,,,YouTuber,YouTuber;content creator,Entertainment,Entertainment;Comedy,,,,,,,International,,,,,,,,,,,,,false,,false,draft,2026-09-01,2026-09-01,"Draft directory record. Source-verify identity, official links, taxonomy, and any public metrics before publication."
pf777756,Kumar Sangakkara,kumar-sangakkara,Public Figure,,,,,,Sri Lanka,Sri Lanka,,Asia,,,cricketer,cricketer,Sports,Sports,,,cricketer,cricketer,,,International,,,,,,,,,,,,,false,,false,draft,2026-09-01,2026-09-01,"Draft directory record. Source-verify identity, official links, taxonomy, and any public metrics before publication."
p8d4dfa1,Muttiah Muralitharan,muttiah-muralitharan,Public Figure,,,,,,Sri Lanka,Sri Lanka,,Asia,,,cricketer,cricketer,Sports,Sports,,,cricketer,cricketer,,,International,,,,,,,,,,,,,false,,false,draft,2026-09-01,2026-09-01,"Draft directory record. Source-verify identity, official links, taxonomy, and any public metrics before publication."
p5ce92f6,Nadeesha Chandrasekara,nadeesha-chandrasekara,Influencer,,,,,,Sri Lanka,Sri Lanka,,Asia,,,travel creator,travel creator,Travel,Travel;Lifestyle,,,,,,,International,,,,,,,,,,,,,false,,false,draft,2026-09-01,2026-09-01,"Draft directory record. Source-verify identity, official links, taxonomy, and any public metrics before publication."
p7aa29d4,Son Tung M-TP,son-tung-m-tp,Public Figure,,,,,,Vietnam,Vietnam,,Asia,,,singer,singer;musician,Music,Music;Entertainment,,,,,,,International,,,,,,,,,,,,,false,,false,draft,2026-09-01,2026-09-01,"Draft directory record. Source-verify identity, official links, taxonomy, and any public metrics before publication."
p0f2a500,Khoai Lang Thang,khoai-lang-thang,Influencer,,,,,,Vietnam,Vietnam,,Asia,,,travel creator,travel creator;filmmaker,Travel,Travel;Food,,,,,,,International,,,,,,,,,,,,,false,,false,draft,2026-09-01,2026-09-01,"Draft directory record. Source-verify identity, official links, taxonomy, and any public metrics before publication."
pba8b9ca,Giang Oi,giang-oi,Influencer,,,,,,Vietnam,Vietnam,,Asia,,,content creator,content creator;author,Lifestyle,Lifestyle;Education,,,,,,,International,,,,,,,,,,,,,false,,false,draft,2026-09-01,2026-09-01,"Draft directory record. Source-verify identity, official links, taxonomy, and any public metrics before publication."
p702c6cf,VannDa,vannda,Public Figure,,,,,,Cambodia,Cambodia,,Asia,,,rapper,rapper;musician,Music,Music,,,,,,,International,,,,,,,,,,,,,false,,false,draft,2026-09-01,2026-09-01,"Draft directory record. Source-verify identity, official links, taxonomy, and any public metrics before publication."
pc1d9eef,Sokha Chea,sokha-chea,Influencer,,,,,,Cambodia,Cambodia,,Asia,,,content creator,content creator,Lifestyle,Lifestyle;Entertainment,,,,,,,International,,,,,,,,,,,,,false,,false,draft,2026-09-01,2026-09-01,"Draft directory record. Source-verify identity, official links, taxonomy, and any public metrics before publication."
pbe7dd3f,Alouny Jindavong,alouny-jindavong,Influencer,,,,,,Laos,Laos,,Asia,,,content creator,content creator,Lifestyle,Lifestyle;Entertainment,,,,,,,International,,,,,,,,,,,,,false,,false,draft,2026-09-01,2026-09-01,"Draft directory record. Source-verify identity, official links, taxonomy, and any public metrics before publication."
pa8516ef,Genghis Khan,genghis-khan,Public Figure,,,,,,Mongolia,Mongolia,,Asia,,,historical figure,historical figure,History,History;Public Figures,,,,,,,International,,,,,,,,,,,,,false,,false,draft,2026-09-01,2026-09-01,"Draft directory record. Source-verify identity, official links, taxonomy, and any public metrics before publication."
pe495cd5,Gennady Golovkin,gennady-golovkin,Public Figure,,,,,,Kazakhstan,Kazakhstan,,Asia,,,boxer,boxer,Sports,Sports,,,boxer,boxer,,,International,,,,,,,,,,,,,false,,false,draft,2026-09-01,2026-09-01,"Draft directory record. Source-verify identity, official links, taxonomy, and any public metrics before publication."
pa094502,Dimash Qudaibergen,dimash-qudaibergen,Public Figure,,,,,,Kazakhstan,Kazakhstan,,Asia,,,singer,singer;musician,Music,Music,,,,,,,International,,,,,,,,,,,,,false,,false,draft,2026-09-01,2026-09-01,"Draft directory record. Source-verify identity, official links, taxonomy, and any public metrics before publication."
p45da8c0,Olzhas Bektenov,olzhas-bektenov,Public Figure,,,,,,Kazakhstan,Kazakhstan,,Asia,,,public figure,public figure,Business,Business,,,,,,,International,,,,,,,,,,,,,false,,false,draft,2026-09-01,2026-09-01,"Draft directory record. Source-verify identity, official links, taxonomy, and any public metrics before publication."
p31d0137,Oksana Chusovitina,oksana-chusovitina,Public Figure,,,,,,Uzbekistan,Uzbekistan,,Asia,,,gymnast,gymnast,Sports,Sports,,,gymnast,gymnast,,,International,,,,,,,,,,,,,false,,false,draft,2026-09-01,2026-09-01,"Draft directory record. Source-verify identity, official links, taxonomy, and any public metrics before publication."
p5ea1457,Munisa Rizayeva,munisa-rizayeva,Public Figure,,,,,,Uzbekistan,Uzbekistan,,Asia,,,singer,singer;actress,Music,Music,,,,,,,International,,,,,,,,,,,,,false,,false,draft,2026-09-01,2026-09-01,"Draft directory record. Source-verify identity, official links, taxonomy, and any public metrics before publication."
p16738eb,Aisuluu Tynybekova,aisuluu-tynybekova,Public Figure,,,,,,Kyrgyzstan,Kyrgyzstan,,Asia,,,wrestler,wrestler,Sports,Sports,,,wrestler,wrestler,,,International,,,,,,,,,,,,,false,,false,draft,2026-09-01,2026-09-01,"Draft directory record. Source-verify identity, official links, taxonomy, and any public metrics before publication."
pda070c4,Maksat Aitbaev,maksat-aitbaev,Influencer,,,,,,Kyrgyzstan,Kyrgyzstan,,Asia,,,content creator,content creator,Travel,Travel;Lifestyle,,,,,,,International,,,,,,,,,,,,,false,,false,draft,2026-09-01,2026-09-01,"Draft directory record. Source-verify identity, official links, taxonomy, and any public metrics before publication."
p5c7d92d,Novak Djokovic,novak-djokovic,Public Figure,,,,,,Serbia,Serbia,,Europe,,,tennis player,tennis player,Sports,Sports,,,tennis player,tennis player,,,International,,,,,,,,,,,,,false,,false,draft,2026-09-01,2026-09-01,"Draft directory record. Source-verify identity, official links, taxonomy, and any public metrics before publication."
p00b6364,Dušan Vlahović,duan-vlahovi,Public Figure,,,,,,Serbia,Serbia,,Europe,,,footballer,footballer,Sports,Sports,,,footballer,footballer,,,International,,,,,,,,,,,,,false,,false,draft,2026-09-01,2026-09-01,"Draft directory record. Source-verify identity, official links, taxonomy, and any public metrics before publication."
p430be1a,Tamara Kalinić,tamara-kalini,Influencer,,,,,,Serbia,Serbia,,Europe,,,fashion influencer,fashion influencer;entrepreneur,Fashion,Fashion;Beauty,,,,,,,International,,,,,,,,,,,,,false,,false,draft,2026-09-01,2026-09-01,"Draft directory record. Source-verify identity, official links, taxonomy, and any public metrics before publication."
pd4aec6f,Luka Modrić,luka-modri,Public Figure,,,,,,Croatia,Croatia,,Europe,,,footballer,footballer,Sports,Sports,,,footballer,footballer,,,International,,,,,,,,,,,,,false,,false,draft,2026-09-01,2026-09-01,"Draft directory record. Source-verify identity, official links, taxonomy, and any public metrics before publication."
p89a0fbe,Mate Rimac,mate-rimac,Public Figure,,,,,,Croatia,Croatia,,Europe,,,entrepreneur,entrepreneur;engineer,Technology,Technology;Business,,,,,,,International,,,,,,,,,,,,,false,,false,draft,2026-09-01,2026-09-01,"Draft directory record. Source-verify identity, official links, taxonomy, and any public metrics before publication."
p7b58be4,Janja Garnbret,janja-garnbret,Public Figure,,,,,,Slovenia,Slovenia,,Europe,,,sport climber,sport climber,Sports,Sports,,,sport climber,sport climber,,,International,,,,,,,,,,,,,false,,false,draft,2026-09-01,2026-09-01,"Draft directory record. Source-verify identity, official links, taxonomy, and any public metrics before publication."
p9f8bee9,Edin Džeko,edin-deko,Public Figure,,,,,,Bosnia and Herzegovina,Bosnia and Herzegovina,,Europe,,,footballer,footballer,Sports,Sports,,,footballer,footballer,,,International,,,,,,,,,,,,,false,,false,draft,2026-09-01,2026-09-01,"Draft directory record. Source-verify identity, official links, taxonomy, and any public metrics before publication."
p29865f6,Ermal Mamaqi,ermal-mamaqi,Influencer,,,,,,Albania,Albania,,Europe,,,comedian,comedian;actor;producer,Entertainment,Entertainment;Comedy,,,,,,,International,,,,,,,,,,,,,false,,false,draft,2026-09-01,2026-09-01,"Draft directory record. Source-verify identity, official links, taxonomy, and any public metrics before publication."
pe27b5d9,Goran Pandev,goran-pandev,Public Figure,,,,,,North Macedonia,North Macedonia,,Europe,,,footballer,footballer,Sports,Sports,,,footballer,footballer,,,International,,,,,,,,,,,,,false,,false,draft,2026-09-01,2026-09-01,"Draft directory record. Source-verify identity, official links, taxonomy, and any public metrics before publication."
p7c96079,Christian Eriksen,christian-eriksen,Public Figure,,,,,,Denmark,Denmark,,Europe,,,footballer,footballer,Sports,Sports,,,footballer,footballer,,,International,,,,,,,,,,,,,false,,false,draft,2026-09-01,2026-09-01,"Draft directory record. Source-verify identity, official links, taxonomy, and any public metrics before publication."
p307898d,Rasmus Brohave,rasmus-brohave,Influencer,,,,,,Denmark,Denmark,,Europe,,,YouTuber,YouTuber;content creator,Entertainment,Entertainment,,,,,,,International,,,,,,,,,,,,,false,,false,draft,2026-09-01,2026-09-01,"Draft directory record. Source-verify identity, official links, taxonomy, and any public metrics before publication."
pd205518,Kimi Räikkönen,kimi-rikknen,Public Figure,,,,,,Finland,Finland,,Europe,,,racing driver,racing driver,Sports,Sports,,,racing driver,racing driver,,,International,,,,,,,,,,,,,false,,false,draft,2026-09-01,2026-09-01,"Draft directory record. Source-verify identity, official links, taxonomy, and any public metrics before publication."
pd411d97,Sara Forsberg,sara-forsberg,Influencer,,,,,,Finland,Finland,,Europe,,,content creator,content creator;musician,Entertainment,Entertainment;Music,,,,,,,International,,,,,,,,,,,,,false,,false,draft,2026-09-01,2026-09-01,"Draft directory record. Source-verify identity, official links, taxonomy, and any public metrics before publication."
p4c5e78b,Hafþór Júlíus Björnsson,hafr-jlus-bjrnsson,Public Figure,,,,,,Iceland,Iceland,,Europe,,,strongman,strongman;actor,Sports,Sports;Entertainment,,,strongman;actor,strongman;actor,,,International,,,,,,,,,,,,,false,,false,draft,2026-09-01,2026-09-01,"Draft directory record. Source-verify identity, official links, taxonomy, and any public metrics before publication."
pe962637,Karmen Pedaru,karmen-pedaru,Public Figure,,,,,,Estonia,Estonia,,Europe,,,model,model,Fashion,Fashion,,,,,,,International,,,,,,,,,,,,,false,,false,draft,2026-09-01,2026-09-01,"Draft directory record. Source-verify identity, official links, taxonomy, and any public metrics before publication."
pd3199a8,Kristaps Porziņģis,kristaps-porziis,Public Figure,,,,,,Latvia,Latvia,,Europe,,,basketball player,basketball player,Sports,Sports,,,basketball player,basketball player,,,International,,,,,,,,,,,,,false,,false,draft,2026-09-01,2026-09-01,"Draft directory record. Source-verify identity, official links, taxonomy, and any public metrics before publication."
pe43c8f5,Rūta Meilutytė,rta-meilutyt,Public Figure,,,,,,Lithuania,Lithuania,,Europe,,,swimmer,swimmer,Sports,Sports,,,swimmer,swimmer,,,International,,,,,,,,,,,,,false,,false,draft,2026-09-01,2026-09-01,"Draft directory record. Source-verify identity, official links, taxonomy, and any public metrics before publication."
pd7d9017,Lorde,lorde,Public Figure,,,,,,New Zealand,New Zealand,,Oceania,,,singer,singer;songwriter,Music,Music,,,,,,,International,,,,,,,,,,,,,false,,false,draft,2026-09-01,2026-09-01,"Draft directory record. Source-verify identity, official links, taxonomy, and any public metrics before publication."
p9067fbe,Peter McKinnon,peter-mckinnon,Influencer,,,,,,New Zealand,New Zealand,,Oceania,,,photographer,photographer;filmmaker,Photography,Photography;Education,,,,,,,International,,,,,,,,,,,,,false,,false,draft,2026-09-01,2026-09-01,"Draft directory record. Source-verify identity, official links, taxonomy, and any public metrics before publication."
p30ffc5e,Vereniki Goneva,vereniki-goneva,Public Figure,,,,,,Fiji,Fiji,,Oceania,,,rugby player,rugby player,Sports,Sports,,,rugby player,rugby player,,,International,,,,,,,,,,,,,false,,false,draft,2026-09-01,2026-09-01,"Draft directory record. Source-verify identity, official links, taxonomy, and any public metrics before publication."
p555093d,Shelly-Ann Fraser-Pryce,shelly-ann-fraser-pryce,Public Figure,,,,,,Jamaica,Jamaica,,Caribbean,,,sprinter,sprinter,Sports,Sports,,,sprinter,sprinter,,,International,,,,,,,,,,,,,false,,false,draft,2026-09-01,2026-09-01,"Draft directory record. Source-verify identity, official links, taxonomy, and any public metrics before publication."
p05e9703,Koffee,koffee,Public Figure,,,,,,Jamaica,Jamaica,,Caribbean,,,singer,singer;musician,Music,Music,,,,,,,International,,,,,,,,,,,,,false,,false,draft,2026-09-01,2026-09-01,"Draft directory record. Source-verify identity, official links, taxonomy, and any public metrics before publication."
pb757560,Nicki Minaj,nicki-minaj,Public Figure,,,,,,Trinidad and Tobago,Trinidad and Tobago,,Caribbean,,,rapper,rapper;musician,Music,Music;Entertainment,,,,,,,International,,,,,,,,,,,,,false,,false,draft,2026-09-01,2026-09-01,"Draft directory record. Source-verify identity, official links, taxonomy, and any public metrics before publication."
p1277696,Wyclef Jean,wyclef-jean,Public Figure,,,,,,Haiti,Haiti,,Caribbean,,,musician,musician;producer,Music,Music,,,,,,,International,,,,,,,,,,,,,false,,false,draft,2026-09-01,2026-09-01,"Draft directory record. Source-verify identity, official links, taxonomy, and any public metrics before publication."
pf16bb38,Nusrat Faria,nusrat-faria,Public Figure,,,,,,Bangladesh,Bangladesh,,Asia,,,actress,actress;singer,Film,Film;Music,,,,,,,International,,,,,,,,,,,,,false,,false,draft,2026-09-01,2026-09-01,"Draft directory record. Source-verify identity, official links, taxonomy, and any public metrics before publication."
pe15dfc4,Mehazabien Chowdhury,mehazabien-chowdhury,Public Figure,,,,,,Bangladesh,Bangladesh,,Asia,,,actress,actress;model,Entertainment,Entertainment,,,,,,,International,,,,,,,,,,,,,false,,false,draft,2026-09-01,2026-09-01,"Draft directory record. Source-verify identity, official links, taxonomy, and any public metrics before publication."
pccc7c57,Munzereen Shahid,munzereen-shahid,Influencer,,,,,,Bangladesh,Bangladesh,,Asia,,,educator,educator;content creator,Education,Education,,,,,,,International,,,,,,,,,,,,,false,,false,draft,2026-09-01,2026-09-01,"Draft directory record. Source-verify identity, official links, taxonomy, and any public metrics before publication."
pa447b6b,Atif Aslam,atif-aslam,Public Figure,,,,,,Pakistan,Pakistan,,Asia,,,singer,singer;musician,Music,Music,,,,,,,International,,,,,,,,,,,,,false,,false,draft,2026-09-01,2026-09-01,"Draft directory record. Source-verify identity, official links, taxonomy, and any public metrics before publication."
p0cbc8a0,Maya Ali,maya-ali,Public Figure,,,,,,Pakistan,Pakistan,,Asia,,,actress,actress;model,Film,Film;Fashion,,,,,,,International,,,,,,,,,,,,,false,,false,draft,2026-09-01,2026-09-01,"Draft directory record. Source-verify identity, official links, taxonomy, and any public metrics before publication."
p88ab6cb,Jannat Mirza,jannat-mirza,Influencer,,,,,,Pakistan,Pakistan,,Asia,,,content creator,content creator,Entertainment,Entertainment;Lifestyle,,,,,,,International,,,,,,,,,,,,,false,,false,draft,2026-09-01,2026-09-01,"Draft directory record. Source-verify identity, official links, taxonomy, and any public metrics before publication."
p4aab68e,Jacqueline Fernandez,jacqueline-fernandez,Public Figure,,,,,,Sri Lanka,Sri Lanka,,Asia,,,actress,actress;model,Film,Film;Fashion,,,,,,,International,,,,,,,,,,,,,false,,false,draft,2026-09-01,2026-09-01,"Draft directory record. Source-verify identity, official links, taxonomy, and any public metrics before publication."
pbd10dcf,Yohani,yohani,Public Figure,,,,,,Sri Lanka,Sri Lanka,,Asia,,,singer,singer;musician,Music,Music,,,,,,,International,,,,,,,,,,,,,false,,false,draft,2026-09-01,2026-09-01,"Draft directory record. Source-verify identity, official links, taxonomy, and any public metrics before publication."
p0507a7d,Dhananjaya de Silva,dhananjaya-de-silva,Public Figure,,,,,,Sri Lanka,Sri Lanka,,Asia,,,cricketer,cricketer,Sports,Sports,,,cricketer,cricketer,,,International,,,,,,,,,,,,,false,,false,draft,2026-09-01,2026-09-01,"Draft directory record. Source-verify identity, official links, taxonomy, and any public metrics before publication."
pe9fe2fc,Sisan Baniya,sisan-baniya,Influencer,,,,,,Nepal,Nepal,,Asia,,,filmmaker,filmmaker;content creator,Travel,Travel;Photography,,,,,,,International,,,,,,,,,,,,,false,,false,draft,2026-09-01,2026-09-01,"Draft directory record. Source-verify identity, official links, taxonomy, and any public metrics before publication."
pfa55dcc,Manisha Koirala,manisha-koirala,Public Figure,,,,,,Nepal,Nepal,,Asia,,,actress,actress,Film,Film,,,,,,,International,,,,,,,,,,,,,false,,false,draft,2026-09-01,2026-09-01,"Draft directory record. Source-verify identity, official links, taxonomy, and any public metrics before publication."
pe971b5f,Sandeep Lamichhane,sandeep-lamichhane,Public Figure,,,,,,Nepal,Nepal,,Asia,,,cricketer,cricketer,Sports,Sports,,,cricketer,cricketer,,,International,,,,,,,,,,,,,false,,false,draft,2026-09-01,2026-09-01,"Draft directory record. Source-verify identity, official links, taxonomy, and any public metrics before publication."
pccf6e39,Tshering Tobgay,tshering-tobgay,Public Figure,,,,,,Bhutan,Bhutan,,Asia,,,public figure,public figure,Public Figures,Public Figures,,,,,,,International,,,,,,,,,,,,,false,,false,draft,2026-09-01,2026-09-01,"Draft directory record. Source-verify identity, official links, taxonomy, and any public metrics before publication."
pc235199,Aishath Shamaau,aishath-shamaau,Influencer,,,,,,Maldives,Maldives,,Asia,,,content creator,content creator,Lifestyle,Lifestyle;Travel,,,,,,,International,,,,,,,,,,,,,false,,false,draft,2026-09-01,2026-09-01,"Draft directory record. Source-verify identity, official links, taxonomy, and any public metrics before publication."
p25937d4,Ninh Tito,ninh-tito,Influencer,,,,,,Vietnam,Vietnam,,Asia,,,food creator,food creator;YouTuber,Food,Food;Travel,,,,,,,International,,,,,,,,,,,,,false,,false,draft,2026-09-01,2026-09-01,"Draft directory record. Source-verify identity, official links, taxonomy, and any public metrics before publication."
p0b34c65,Hau Hoang,hau-hoang,Influencer,,,,,,Vietnam,Vietnam,,Asia,,,content creator,content creator,Entertainment,Entertainment;Comedy,,,,,,,International,,,,,,,,,,,,,false,,false,draft,2026-09-01,2026-09-01,"Draft directory record. Source-verify identity, official links, taxonomy, and any public metrics before publication."
p417ae2f,Bright Vachirawit,bright-vachirawit,Public Figure,,,,,,Thailand,Thailand,,Asia,,,actor,actor;singer,Film,Film;Music,,,,,,,International,,,,,,,,,,,,,false,,false,draft,2026-09-01,2026-09-01,"Draft directory record. Source-verify identity, official links, taxonomy, and any public metrics before publication."
pfc9b149,Stamp Apiwat,stamp-apiwat,Public Figure,,,,,,Thailand,Thailand,,Asia,,,singer,singer;songwriter,Music,Music,,,,,,,International,,,,,,,,,,,,,false,,false,draft,2026-09-01,2026-09-01,"Draft directory record. Source-verify identity, official links, taxonomy, and any public metrics before publication."
pb842320,Nop Bayarith,nop-bayarith,Public Figure,,,,,,Cambodia,Cambodia,,Asia,,,singer,singer,Music,Music,,,,,,,International,,,,,,,,,,,,,false,,false,draft,2026-09-01,2026-09-01,"Draft directory record. Source-verify identity, official links, taxonomy, and any public metrics before publication."
p28a6d88,Socheat Chea,socheat-chea,Influencer,,,,,,Cambodia,Cambodia,,Asia,,,content creator,content creator,Lifestyle,Lifestyle;Entertainment,,,,,,,International,,,,,,,,,,,,,false,,false,draft,2026-09-01,2026-09-01,"Draft directory record. Source-verify identity, official links, taxonomy, and any public metrics before publication."
pf743f28,Maudy Ayunda,maudy-ayunda,Public Figure,,,,,,Indonesia,Indonesia,,Asia,,,singer,singer;actress;educator,Music,Music;Education,,,,,,,International,,,,,,,,,,,,,false,,false,draft,2026-09-01,2026-09-01,"Draft directory record. Source-verify identity, official links, taxonomy, and any public metrics before publication."
pa82bb8b,Fadil Jaidi,fadil-jaidi,Influencer,,,,,,Indonesia,Indonesia,,Asia,,,content creator,content creator;comedian,Lifestyle,Lifestyle;Comedy,,,,,,,International,,,,,,,,,,,,,false,,false,draft,2026-09-01,2026-09-01,"Draft directory record. Source-verify identity, official links, taxonomy, and any public metrics before publication."
p939b6c0,Jerome Polin,jerome-polin,Influencer,,,,,,Indonesia,Indonesia,,Asia,,,YouTuber,YouTuber;educator,Education,Education;Lifestyle,,,,,,,International,,,,,,,,,,,,,false,,false,draft,2026-09-01,2026-09-01,"Draft directory record. Source-verify identity, official links, taxonomy, and any public metrics before publication."
p59dffab,Rich Brian,rich-brian,Public Figure,,,,,,Indonesia,Indonesia,,Asia,,,rapper,rapper;musician,Music,Music,,,,,,,International,,,,,,,,,,,,,false,,false,draft,2026-09-01,2026-09-01,"Draft directory record. Source-verify identity, official links, taxonomy, and any public metrics before publication."
pf617ccf,Michelle Yeoh,michelle-yeoh,Public Figure,,,,,,Malaysia,Malaysia,,Asia,,,actress,actress;producer,Film,Film,,,,,,,International,,,,,,,,,,,,,false,,false,draft,2026-09-01,2026-09-01,"Draft directory record. Source-verify identity, official links, taxonomy, and any public metrics before publication."
p6fedd99,Jinnyboy,jinnyboy,Influencer,,,,,,Malaysia,Malaysia,,Asia,,,filmmaker,filmmaker;content creator,Film,Film;Entertainment,,,,,,,International,,,,,,,,,,,,,false,,false,draft,2026-09-01,2026-09-01,"Draft directory record. Source-verify identity, official links, taxonomy, and any public metrics before publication."
p35471c4,Namewee,namewee,Public Figure,,,,,,Malaysia,Malaysia,,Asia,,,musician,musician;filmmaker,Music,Music;Film,,,,,,,International,,,,,,,,,,,,,false,,false,draft,2026-09-01,2026-09-01,"Draft directory record. Source-verify identity, official links, taxonomy, and any public metrics before publication."
pe53cbd8,Cong TV,cong-tv,Influencer,,,,,,Philippines,Philippines,,Asia,,,YouTuber,YouTuber;content creator,Entertainment,Entertainment;Comedy,,,,,,,International,,,,,,,,,,,,,false,,false,draft,2026-09-01,2026-09-01,"Draft directory record. Source-verify identity, official links, taxonomy, and any public metrics before publication."
p2709f03,Mimiyuuuh,mimiyuuuh,Influencer,,,,,,Philippines,Philippines,,Asia,,,content creator,content creator;comedian,Comedy,Comedy;Lifestyle,,,,,,,International,,,,,,,,,,,,,false,,false,draft,2026-09-01,2026-09-01,"Draft directory record. Source-verify identity, official links, taxonomy, and any public metrics before publication."
p6d65c42,Enkhbatyn Badar-Uugan,enkhbatyn-badar-uugan,Public Figure,,,,,,Mongolia,Mongolia,,Asia,,,boxer,boxer,Sports,Sports,,,boxer,boxer,,,International,,,,,,,,,,,,,false,,false,draft,2026-09-01,2026-09-01,"Draft directory record. Source-verify identity, official links, taxonomy, and any public metrics before publication."
pe708d32,Ariunaa Suri,ariunaa-suri,Public Figure,,,,,,Mongolia,Mongolia,,Asia,,,singer,singer;designer,Music,Music;Fashion,,,,,,,International,,,,,,,,,,,,,false,,false,draft,2026-09-01,2026-09-01,"Draft directory record. Source-verify identity, official links, taxonomy, and any public metrics before publication."
pa395b8c,Yulia Putintseva,yulia-putintseva,Public Figure,,,,,,Kazakhstan,Kazakhstan,,Asia,,,tennis player,tennis player,Sports,Sports,,,tennis player,tennis player,,,International,,,,,,,,,,,,,false,,false,draft,2026-09-01,2026-09-01,"Draft directory record. Source-verify identity, official links, taxonomy, and any public metrics before publication."
pc8fa516,Ilya Ilyin,ilya-ilyin,Public Figure,,,,,,Kazakhstan,Kazakhstan,,Asia,,,weightlifter,weightlifter,Sports,Sports,,,weightlifter,weightlifter,,,International,,,,,,,,,,,,,false,,false,draft,2026-09-01,2026-09-01,"Draft directory record. Source-verify identity, official links, taxonomy, and any public metrics before publication."
pec92840,Hasanboy Dusmatov,hasanboy-dusmatov,Public Figure,,,,,,Uzbekistan,Uzbekistan,,Asia,,,boxer,boxer,Sports,Sports,,,boxer,boxer,,,International,,,,,,,,,,,,,false,,false,draft,2026-09-01,2026-09-01,"Draft directory record. Source-verify identity, official links, taxonomy, and any public metrics before publication."
pfaf1b60,Sevara Nazarkhan,sevara-nazarkhan,Public Figure,,,,,,Uzbekistan,Uzbekistan,,Asia,,,singer,singer;musician,Music,Music,,,,,,,International,,,,,,,,,,,,,false,,false,draft,2026-09-01,2026-09-01,"Draft directory record. Source-verify identity, official links, taxonomy, and any public metrics before publication."
pa1ee5af,Valentina Shevchenko,valentina-shevchenko,Public Figure,,,,,,Kyrgyzstan,Kyrgyzstan,,Asia,,,mixed martial artist,mixed martial artist,Sports,Sports,,,mixed martial artist,mixed martial artist,,,International,,,,,,,,,,,,,false,,false,draft,2026-09-01,2026-09-01,"Draft directory record. Source-verify identity, official links, taxonomy, and any public metrics before publication."
pa8c1c24,Khvicha Kvaratskhelia,khvicha-kvaratskhelia,Public Figure,,,,,,Georgia,Georgia,,Europe,,,footballer,footballer,Sports,Sports,,,footballer,footballer,,,International,,,,,,,,,,,,,false,,false,draft,2026-09-01,2026-09-01,"Draft directory record. Source-verify identity, official links, taxonomy, and any public metrics before publication."
p5940a17,Katie Melua,katie-melua,Public Figure,,,,,,Georgia,Georgia,,Europe,,,singer,singer;songwriter,Music,Music,,,,,,,International,,,,,,,,,,,,,false,,false,draft,2026-09-01,2026-09-01,"Draft directory record. Source-verify identity, official links, taxonomy, and any public metrics before publication."
pe4a4cee,Henrikh Mkhitaryan,henrikh-mkhitaryan,Public Figure,,,,,,Armenia,Armenia,,Europe,,,footballer,footballer,Sports,Sports,,,footballer,footballer,,,International,,,,,,,,,,,,,false,,false,draft,2026-09-01,2026-09-01,"Draft directory record. Source-verify identity, official links, taxonomy, and any public metrics before publication."
pfa30c2c,Iveta Mukuchyan,iveta-mukuchyan,Public Figure,,,,,,Armenia,Armenia,,Europe,,,singer,singer;actress,Music,Music;Entertainment,,,,,,,International,,,,,,,,,,,,,false,,false,draft,2026-09-01,2026-09-01,"Draft directory record. Source-verify identity, official links, taxonomy, and any public metrics before publication."
p3c47a26,TuralTuranX,turalturanx,Influencer,,,,,,Azerbaijan,Azerbaijan,,Europe,,,musician,musician,Music,Music,,,,,,,International,,,,,,,,,,,,,false,,false,draft,2026-09-01,2026-09-01,"Draft directory record. Source-verify identity, official links, taxonomy, and any public metrics before publication."
pca3dacc,Ilham Zakiyev,ilham-zakiyev,Public Figure,,,,,,Azerbaijan,Azerbaijan,,Europe,,,judoka,judoka,Sports,Sports,,,judoka,judoka,,,International,,,,,,,,,,,,,false,,false,draft,2026-09-01,2026-09-01,"Draft directory record. Source-verify identity, official links, taxonomy, and any public metrics before publication."
p089ae35,Ana Ivanovic,ana-ivanovic,Public Figure,,,,,,Serbia,Serbia,,Europe,,,tennis player,tennis player;entrepreneur,Sports,Sports;Business,,,tennis player;entrepreneur,tennis player;entrepreneur,,,International,,,,,,,,,,,,,false,,false,draft,2026-09-01,2026-09-01,"Draft directory record. Source-verify identity, official links, taxonomy, and any public metrics before publication."
p65928d6,Marin Čilić,marin-ili,Public Figure,,,,,,Croatia,Croatia,,Europe,,,tennis player,tennis player,Sports,Sports,,,tennis player,tennis player,,,International,,,,,,,,,,,,,false,,false,draft,2026-09-01,2026-09-01,"Draft directory record. Source-verify identity, official links, taxonomy, and any public metrics before publication."
p986160a,Tina Maze,tina-maze,Public Figure,,,,,,Slovenia,Slovenia,,Europe,,,alpine skier,alpine skier,Sports,Sports,,,alpine skier,alpine skier,,,International,,,,,,,,,,,,,false,,false,draft,2026-09-01,2026-09-01,"Draft directory record. Source-verify identity, official links, taxonomy, and any public metrics before publication."
p9afed43,Jelena Rozga,jelena-rozga,Public Figure,,,,,,Bosnia and Herzegovina,Bosnia and Herzegovina,,Europe,,,singer,singer,Music,Music,,,,,,,International,,,,,,,,,,,,,false,,false,draft,2026-09-01,2026-09-01,"Draft directory record. Source-verify identity, official links, taxonomy, and any public metrics before publication."
pfa1f673,Stevan Jovetić,stevan-joveti,Public Figure,,,,,,Montenegro,Montenegro,,Europe,,,footballer,footballer,Sports,Sports,,,footballer,footballer,,,International,,,,,,,,,,,,,false,,false,draft,2026-09-01,2026-09-01,"Draft directory record. Source-verify identity, official links, taxonomy, and any public metrics before publication."
pe66eda5,Rita Ora,rita-ora,Public Figure,,,,,,Albania,Albania,,Europe,,,singer,singer;actress;entrepreneur,Music,Music;Fashion,,,,,,,International,,,,,,,,,,,,,false,,false,draft,2026-09-01,2026-09-01,"Draft directory record. Source-verify identity, official links, taxonomy, and any public metrics before publication."
p5972eed,Toše Proeski,toe-proeski,Public Figure,,,,,,North Macedonia,North Macedonia,,Europe,,,singer,singer;musician,Music,Music,,,,,,,International,,,,,,,,,,,,,false,,false,draft,2026-09-01,2026-09-01,"Draft directory record. Source-verify identity, official links, taxonomy, and any public metrics before publication."
p4d9d594,Grigor Dimitrov,grigor-dimitrov,Public Figure,,,,,,Bulgaria,Bulgaria,,Europe,,,tennis player,tennis player,Sports,Sports,,,tennis player,tennis player,,,International,,,,,,,,,,,,,false,,false,draft,2026-09-01,2026-09-01,"Draft directory record. Source-verify identity, official links, taxonomy, and any public metrics before publication."
p4f22a13,Dan Bălan,dan-blan,Public Figure,,,,,,Moldova,Moldova,,Europe,,,singer,singer;musician,Music,Music,,,,,,,International,,,,,,,,,,,,,false,,false,draft,2026-09-01,2026-09-01,"Draft directory record. Source-verify identity, official links, taxonomy, and any public metrics before publication."
p0315856,Oleksandr Usyk,oleksandr-usyk,Public Figure,,,,,,Ukraine,Ukraine,,Europe,,,boxer,boxer,Sports,Sports,,,boxer,boxer,,,International,,,,,,,,,,,,,false,,false,draft,2026-09-01,2026-09-01,"Draft directory record. Source-verify identity, official links, taxonomy, and any public metrics before publication."
p3c80088,Jamala,jamala,Public Figure,,,,,,Ukraine,Ukraine,,Europe,,,singer,singer;songwriter,Music,Music,,,,,,,International,,,,,,,,,,,,,false,,false,draft,2026-09-01,2026-09-01,"Draft directory record. Source-verify identity, official links, taxonomy, and any public metrics before publication."
p3bc0e8a,Victoria Azarenka,victoria-azarenka,Public Figure,,,,,,Belarus,Belarus,,Europe,,,tennis player,tennis player,Sports,Sports,,,tennis player,tennis player,,,International,,,,,,,,,,,,,false,,false,draft,2026-09-01,2026-09-01,"Draft directory record. Source-verify identity, official links, taxonomy, and any public metrics before publication."
p2781cb9,Jonas Valančiūnas,jonas-valaninas,Public Figure,,,,,,Lithuania,Lithuania,,Europe,,,basketball player,basketball player,Sports,Sports,,,basketball player,basketball player,,,International,,,,,,,,,,,,,false,,false,draft,2026-09-01,2026-09-01,"Draft directory record. Source-verify identity, official links, taxonomy, and any public metrics before publication."
p684f7a4,Elīna Garanča,elna-garana,Public Figure,,,,,,Latvia,Latvia,,Europe,,,opera singer,opera singer,Music,Music,,,,,,,International,,,,,,,,,,,,,false,,false,draft,2026-09-01,2026-09-01,"Draft directory record. Source-verify identity, official links, taxonomy, and any public metrics before publication."
p520c6b8,Tommy Cash,tommy-cash,Public Figure,,,,,,Estonia,Estonia,,Europe,,,rapper,rapper;artist,Music,Music;Art,,,,,,,International,,,,,,,,,,,,,false,,false,draft,2026-09-01,2026-09-01,"Draft directory record. Source-verify identity, official links, taxonomy, and any public metrics before publication."
p1fd0dca,Käärijä,krij,Public Figure,,,,,,Finland,Finland,,Europe,,,rapper,rapper;singer,Music,Music,,,,,,,International,,,,,,,,,,,,,false,,false,draft,2026-09-01,2026-09-01,"Draft directory record. Source-verify identity, official links, taxonomy, and any public metrics before publication."
p4ef2631,Nikolaj Coster-Waldau,nikolaj-coster-waldau,Public Figure,,,,,,Denmark,Denmark,,Europe,,,actor,actor;producer,Film,Film;Entertainment,,,,,,,International,,,,,,,,,,,,,false,,false,draft,2026-09-01,2026-09-01,"Draft directory record. Source-verify identity, official links, taxonomy, and any public metrics before publication."
pd29c8c6,Björk,bjrk,Public Figure,,,,,,Iceland,Iceland,,Europe,,,singer,singer;artist,Music,Music;Art,,,,,,,International,,,,,,,,,,,,,false,,false,draft,2026-09-01,2026-09-01,"Draft directory record. Source-verify identity, official links, taxonomy, and any public metrics before publication."
p0924941,Jacksepticeye,jacksepticeye,Influencer,,,,,,Ireland,Ireland,,Europe,,,YouTuber,YouTuber;content creator,Gaming,Gaming;Entertainment,,,,,,,International,,,,,,,,,,,,,false,,false,draft,2026-09-01,2026-09-01,"Draft directory record. Source-verify identity, official links, taxonomy, and any public metrics before publication."
pfa2970c,Lewis Capaldi,lewis-capaldi,Public Figure,,,,,,United Kingdom,Scotland,,Europe,,,singer,singer;songwriter,Music,Music,,,,,,,International,,,,,,,,,,,,,false,,false,draft,2026-09-01,2026-09-01,"Draft directory record. Source-verify identity, official links, taxonomy, and any public metrics before publication."
p93dc47d,Gareth Bale,gareth-bale,Public Figure,,,,,,United Kingdom,Wales,,Europe,,,footballer,footballer,Sports,Sports,,,footballer,footballer,,,International,,,,,,,,,,,,,false,,false,draft,2026-09-01,2026-09-01,"Draft directory record. Source-verify identity, official links, taxonomy, and any public metrics before publication."
p2db9817,Valerie Adams,valerie-adams,Public Figure,,,,,,New Zealand,New Zealand,,Oceania,,,shot put athlete,shot put athlete,Sports,Sports,,,shot put athlete,shot put athlete,,,International,,,,,,,,,,,,,false,,false,draft,2026-09-01,2026-09-01,"Draft directory record. Source-verify identity, official links, taxonomy, and any public metrics before publication."
p9070fe5,Taika Waititi,taika-waititi,Public Figure,,,,,,New Zealand,New Zealand,,Oceania,,,filmmaker,filmmaker;actor;producer,Film,Film;Entertainment,,,,,,,International,,,,,,,,,,,,,false,,false,draft,2026-09-01,2026-09-01,"Draft directory record. Source-verify identity, official links, taxonomy, and any public metrics before publication."
p0d0ad2f,Jerry Tuwai,jerry-tuwai,Public Figure,,,,,,Fiji,Fiji,,Oceania,,,rugby player,rugby player,Sports,Sports,,,rugby player,rugby player,,,International,,,,,,,,,,,,,false,,false,draft,2026-09-01,2026-09-01,"Draft directory record. Source-verify identity, official links, taxonomy, and any public metrics before publication."
pcd7dc83,Usain Bolt,usain-bolt,Public Figure,,,,,,Jamaica,Jamaica,,Caribbean,,,sprinter,sprinter;entrepreneur,Sports,Sports;Business,,,sprinter;entrepreneur,sprinter;entrepreneur,,,International,,,,,,,,,,,,,false,,false,draft,2026-09-01,2026-09-01,"Draft directory record. Source-verify identity, official links, taxonomy, and any public metrics before publication."
pc2e8c72,Shontelle,shontelle,Public Figure,,,,,,Barbados,Barbados,,Caribbean,,,singer,singer;songwriter,Music,Music,,,,,,,International,,,,,,,,,,,,,false,,false,draft,2026-09-01,2026-09-01,"Draft directory record. Source-verify identity, official links, taxonomy, and any public metrics before publication."
p1feff2a,Michaëlle Jean,michalle-jean,Public Figure,,,,,,Haiti,Haiti,,Caribbean,,,journalist,journalist;public figure,Media,Media;Public Figures,,,,,,,International,,,,,,,,,,,,,false,,false,draft,2026-09-01,2026-09-01,"Draft directory record. Source-verify identity, official links, taxonomy, and any public metrics before publication."
p45c8df1,Letitia Wright,letitia-wright,Public Figure,,,,,,Guyana,Guyana,,Caribbean,,,actress,actress,Film,Film,,,,,,,International,,,,,,,,,,,,,false,,false,draft,2026-09-01,2026-09-01,"Draft directory record. Source-verify identity, official links, taxonomy, and any public metrics before publication."
p60ab93f,Jeangu Macrooy,jeangu-macrooy,Public Figure,,,,,,Suriname,Suriname,,Caribbean,,,singer,singer;songwriter,Music,Music,,,,,,,International,,,,,,,,,,,,,false,,false,draft,2026-09-01,2026-09-01,"Draft directory record. Source-verify identity, official links, taxonomy, and any public metrics before publication."
p846355c,Mr Macaroni,mr-macaroni,Influencer,,,,,,Nigeria,Nigeria,,Africa,,,comedian,comedian;content creator,Comedy,Comedy;Entertainment,,,,,,,International,,,,,,,,,,,,,false,,false,draft,2026-09-01,2026-09-01,"Draft directory record. Source-verify identity, official links, taxonomy, and public metrics before publication."
p57ee860,Kwadwo Sheldon,kwadwo-sheldon,Influencer,,,,,,Ghana,Ghana,,Africa,,,content creator,content creator;media personality,Entertainment,Entertainment;Media,,,,,,,International,,,,,,,,,,,,,false,,false,draft,2026-09-01,2026-09-01,"Draft directory record. Source-verify identity, official links, taxonomy, and public metrics before publication."
p28354e8,Caster Semenya,caster-semenya,Public Figure,,,,,,South Africa,South Africa,,Africa,,,middle-distance runner,middle-distance runner,Sports,Sports,,,middle-distance runner,middle-distance runner,,,International,,,,,,,,,,,,,false,,false,draft,2026-09-01,2026-09-01,"Draft directory record. Source-verify identity, official links, taxonomy, and public metrics before publication."
pf9dfbfb,Danai Gurira,danai-gurira,Public Figure,,,,,,Zimbabwe,Zimbabwe,,Africa,,,actress,actress;playwright,Film,Film,,,,,,,International,,,,,,,,,,,,,false,,false,draft,2026-09-01,2026-09-01,"Draft directory record. Source-verify identity, official links, taxonomy, and public metrics before publication."
p76c4cee,Kirsty Coventry,kirsty-coventry,Public Figure,,,,,,Zimbabwe,Zimbabwe,,Africa,,,swimmer,swimmer,Sports,Sports,,,swimmer,swimmer,,,International,,,,,,,,,,,,,false,,false,draft,2026-09-01,2026-09-01,"Draft directory record. Source-verify identity, official links, taxonomy, and public metrics before publication."
pcc229a8,Macky 2,macky-2,Public Figure,,,,,,Zambia,Zambia,,Africa,,,rapper,rapper;musician,Music,Music,,,,,,,International,,,,,,,,,,,,,false,,false,draft,2026-09-01,2026-09-01,"Draft directory record. Source-verify identity, official links, taxonomy, and public metrics before publication."
pcfd8a6a,Tion Wayne,tion-wayne,Public Figure,,,,,,United Kingdom,Malawi,,Africa,,,rapper,rapper;musician,Music,Music,,,,,,,International,,,,,,,,,,,,,false,,false,draft,2026-09-01,2026-09-01,"Draft directory record. Source-verify identity, official links, taxonomy, and public metrics before publication."
p585a6f8,Bruno M,bruno-m,Influencer,,,,,,Mozambique,Mozambique,,Africa,,,musician,musician;content creator,Music,Music;Entertainment,,,,,,,International,,,,,,,,,,,,,false,,false,draft,2026-09-01,2026-09-01,"Draft directory record. Source-verify identity, official links, taxonomy, and public metrics before publication."
p981306e,C4 Pedro,c4-pedro,Public Figure,,,,,,Angola,Angola,,Africa,,,singer,singer;musician,Music,Music,,,,,,,International,,,,,,,,,,,,,false,,false,draft,2026-09-01,2026-09-01,"Draft directory record. Source-verify identity, official links, taxonomy, and public metrics before publication."
p8da45c5,Ary,ary,Public Figure,,,,,,Angola,Angola,,Africa,,,singer,singer;musician,Music,Music,,,,,,,International,,,,,,,,,,,,,false,,false,draft,2026-09-01,2026-09-01,"Draft directory record. Source-verify identity, official links, taxonomy, and public metrics before publication."
p9b52d65,Frankie Fredericks,frankie-fredericks,Public Figure,,,,,,Namibia,Namibia,,Africa,,,sprinter,sprinter,Sports,Sports,,,sprinter,sprinter,,,International,,,,,,,,,,,,,false,,false,draft,2026-09-01,2026-09-01,"Draft directory record. Source-verify identity, official links, taxonomy, and public metrics before publication."
p1a8b620,Amantle Montsho,amantle-montsho,Public Figure,,,,,,Botswana,Botswana,,Africa,,,sprinter,sprinter,Sports,Sports,,,sprinter,sprinter,,,International,,,,,,,,,,,,,false,,false,draft,2026-09-01,2026-09-01,"Draft directory record. Source-verify identity, official links, taxonomy, and public metrics before publication."
p0a2f19f,Leena Dookun-Luchoomun,leena-dookun-luchoomun,Public Figure,,,,,,Mauritius,Mauritius,,Africa,,,public figure,public figure,Public Figures,Public Figures,,,,,,,International,,,,,,,,,,,,,false,,false,draft,2026-09-01,2026-09-01,"Draft directory record. Source-verify identity, official links, taxonomy, and public metrics before publication."
pdd737cf,Barea,barea,Public Figure,,,,,,Madagascar,Madagascar,,Africa,,,footballer,footballer,Sports,Sports,,,footballer,footballer,,,International,,,,,,,,,,,,,false,,false,draft,2026-09-01,2026-09-01,"Draft directory record. Source-verify identity, official links, taxonomy, and public metrics before publication."
p1f385b0,Viviane Chidid,viviane-chidid,Public Figure,,,,,,Senegal,Senegal,,Africa,,,singer,singer;musician,Music,Music,,,,,,,International,,,,,,,,,,,,,false,,false,draft,2026-09-01,2026-09-01,"Draft directory record. Source-verify identity, official links, taxonomy, and public metrics before publication."
pc7aec3f,Serge Beynaud,serge-beynaud,Public Figure,,,,,,Côte d'Ivoire,Côte d'Ivoire,,Africa,,,singer,singer;musician,Music,Music,,,,,,,International,,,,,,,,,,,,,false,,false,draft,2026-09-01,2026-09-01,"Draft directory record. Source-verify identity, official links, taxonomy, and public metrics before publication."
pd37f9b5,Nora Fatehi,nora-fatehi,Public Figure,,,,,,Morocco,Morocco,,Africa,,,actress,actress;dancer,Film,Film;Dance,,,,,,,International,,,,,,,,,,,,,false,,false,draft,2026-09-01,2026-09-01,"Draft directory record. Source-verify identity, official links, taxonomy, and public metrics before publication."
pbd851ac,Lyna Mahyem,lyna-mahyem,Influencer,,,,,,Algeria,Algeria,,Africa,,,singer,singer;content creator,Music,Music,,,,,,,International,,,,,,,,,,,,,false,,false,draft,2026-09-01,2026-09-01,"Draft directory record. Source-verify identity, official links, taxonomy, and public metrics before publication."
p2a53b3d,Amina Khalil,amina-khalil,Public Figure,,,,,,Tunisia,Tunisia,,Africa,,,actress,actress,Film,Film,,,,,,,International,,,,,,,,,,,,,false,,false,draft,2026-09-01,2026-09-01,"Draft directory record. Source-verify identity, official links, taxonomy, and public metrics before publication."
pccce6aa,Mohamed Salah,mohamed-salah,Public Figure,,,,,,Egypt,Egypt,,Africa,,,footballer,footballer,Sports,Sports,,,footballer,footballer,,,International,,,,,,,,,,,,,false,,false,draft,2026-09-01,2026-09-01,"Draft directory record. Source-verify identity, official links, taxonomy, and public metrics before publication."
pefcd498,Amr Diab,amr-diab,Public Figure,,,,,,Egypt,Egypt,,Africa,,,singer,singer;musician,Music,Music,,,,,,,International,,,,,,,,,,,,,false,,false,draft,2026-09-01,2026-09-01,"Draft directory record. Source-verify identity, official links, taxonomy, and public metrics before publication."
pbcb407b,Hana El Zahed,hana-el-zahed,Public Figure,,,,,,Egypt,Egypt,,Africa,,,actress,actress,Film,Film;Entertainment,,,,,,,International,,,,,,,,,,,,,false,,false,draft,2026-09-01,2026-09-01,"Draft directory record. Source-verify identity, official links, taxonomy, and public metrics before publication."
p1b48f95,Liya Kebede,liya-kebede,Public Figure,,,,,,Ethiopia,Ethiopia,,Africa,,,model,model;entrepreneur,Fashion,Fashion;Business,,,,,,,International,,,,,,,,,,,,,false,,false,draft,2026-09-01,2026-09-01,"Draft directory record. Source-verify identity, official links, taxonomy, and public metrics before publication."
pef893a2,Haile Gebrselassie,haile-gebrselassie,Public Figure,,,,,,Ethiopia,Ethiopia,,Africa,,,distance runner,distance runner;entrepreneur,Sports,Sports;Business,,,distance runner;entrepreneur,distance runner;entrepreneur,,,International,,,,,,,,,,,,,false,,false,draft,2026-09-01,2026-09-01,"Draft directory record. Source-verify identity, official links, taxonomy, and public metrics before publication."
p0cdb190,Yuki Kaji,yuki-kaji,Public Figure,,,,,,Japan,Japan,,Asia,,,voice actor,voice actor;actor,Entertainment,Entertainment,,,,,,,International,,,,,,,,,,,,,false,,false,draft,2026-09-01,2026-09-01,"Draft directory record. Source-verify identity, official links, taxonomy, and public metrics before publication."
pe0f08a7,Jisoo,jisoo,Public Figure,,,,,,South Korea,South Korea,,Asia,,,singer,singer;actress,Music,Music;Fashion,,,,,,,International,,,,,,,,,,,,,false,,false,draft,2026-09-01,2026-09-01,"Draft directory record. Source-verify identity, official links, taxonomy, and public metrics before publication."
p8c2c2ca,Joon Park,joon-park,Influencer,,,,,,South Korea,South Korea,,Asia,,,chef,chef;content creator,Food,Food;Travel,,,,,,,International,,,,,,,,,,,,,false,,false,draft,2026-09-01,2026-09-01,"Draft directory record. Source-verify identity, official links, taxonomy, and public metrics before publication."
p8535594,Jackson Wang,jackson-wang,Public Figure,,,,,,China,China,,Asia,,,singer,singer;performer;entrepreneur,Music,Music;Entertainment,,,,,,,International,,,,,,,,,,,,,false,,false,draft,2026-09-01,2026-09-01,"Draft directory record. Source-verify identity, official links, taxonomy, and public metrics before publication."
p5eb35e5,Li Ziqi,li-ziqi,Influencer,,,,,,China,China,,Asia,,,content creator,content creator;filmmaker,Food,Food;Lifestyle,,,,,,,International,,,,,,,,,,,,,false,,false,draft,2026-09-01,2026-09-01,"Draft directory record. Source-verify identity, official links, taxonomy, and public metrics before publication."
p8a45391,Eileen Gu,eileen-gu,Public Figure,,,,,,China,China,,Asia,,,freestyle skier,freestyle skier;model,Sports,Sports;Fashion,,,freestyle skier;model,freestyle skier;model,,,International,,,,,,,,,,,,,false,,false,draft,2026-09-01,2026-09-01,"Draft directory record. Source-verify identity, official links, taxonomy, and public metrics before publication."
pb041eda,Jay Chou,jay-chou,Public Figure,,,,,,Taiwan,Taiwan,,Asia,,,singer,singer;actor;filmmaker,Music,Music;Film,,,,,,,International,,,,,,,,,,,,,false,,false,draft,2026-09-01,2026-09-01,"Draft directory record. Source-verify identity, official links, taxonomy, and public metrics before publication."
p8845e74,Jolin Tsai,jolin-tsai,Public Figure,,,,,,Taiwan,Taiwan,,Asia,,,singer,singer;performer,Music,Music;Fashion,,,,,,,International,,,,,,,,,,,,,false,,false,draft,2026-09-01,2026-09-01,"Draft directory record. Source-verify identity, official links, taxonomy, and public metrics before publication."
pb6d2ef3,Stephen Chow,stephen-chow,Public Figure,,,,,,Hong Kong,Hong Kong,,Asia,,,actor,actor;director;producer,Film,Film;Comedy,,,,,,,International,,,,,,,,,,,,,false,,false,draft,2026-09-01,2026-09-01,"Draft directory record. Source-verify identity, official links, taxonomy, and public metrics before publication."
p38b23a3,Joseph Schooling,joseph-schooling,Public Figure,,,,,,Singapore,Singapore,,Asia,,,swimmer,swimmer,Sports,Sports,,,swimmer,swimmer,,,International,,,,,,,,,,,,,false,,false,draft,2026-09-01,2026-09-01,"Draft directory record. Source-verify identity, official links, taxonomy, and public metrics before publication."
pdeebf60,JianHao Tan,jianhao-tan,Influencer,,,,,,Singapore,Singapore,,Asia,,,YouTuber,YouTuber;entrepreneur,Education,Education;Entertainment,,,,,,,International,,,,,,,,,,,,,false,,false,draft,2026-09-01,2026-09-01,"Draft directory record. Source-verify identity, official links, taxonomy, and public metrics before publication."
p4e92ffb,Naomi Neo,naomi-neo,Influencer,,,,,,Singapore,Singapore,,Asia,,,content creator,content creator;entrepreneur,Lifestyle,Lifestyle;Beauty,,,,,,,International,,,,,,,,,,,,,false,,false,draft,2026-09-01,2026-09-01,"Draft directory record. Source-verify identity, official links, taxonomy, and public metrics before publication."
p14378ce,Sundar Pichai,sundar-pichai,Public Figure,,,,,,India,India,,Asia,,,technology executive,technology executive,Technology,Technology;Business,,,,,,,International,,,,,,,,,,,,,false,,false,draft,2026-09-01,2026-09-01,"Draft directory record. Source-verify identity, official links, taxonomy, and public metrics before publication."
pa5063a0,Sania Mirza,sania-mirza,Public Figure,,,,,,India,India,,Asia,,,tennis player,tennis player;entrepreneur,Sports,Sports;Fashion,,,tennis player;entrepreneur,tennis player;entrepreneur,,,International,,,,,,,,,,,,,false,,false,draft,2026-09-01,2026-09-01,"Draft directory record. Source-verify identity, official links, taxonomy, and public metrics before publication."
pa7bf8c5,Neeraj Chopra,neeraj-chopra,Public Figure,,,,,,India,India,,Asia,,,javelin thrower,javelin thrower,Sports,Sports,,,javelin thrower,javelin thrower,,,International,,,,,,,,,,,,,false,,false,draft,2026-09-01,2026-09-01,"Draft directory record. Source-verify identity, official links, taxonomy, and public metrics before publication."
p0c09631,Chris Hemsworth,chris-hemsworth,Public Figure,,,,,,Australia,Australia,,Oceania,,,actor,actor;entrepreneur,Film,Film;Fitness,,,,,,,International,,,,,,,,,,,,,false,,false,draft,2026-09-01,2026-09-01,"Draft directory record. Source-verify identity, official links, taxonomy, and public metrics before publication."
p838eb8e,Pat Cummins,pat-cummins,Public Figure,,,,,,Australia,Australia,,Oceania,,,cricketer,cricketer,Sports,Sports,,,cricketer,cricketer,,,International,,,,,,,,,,,,,false,,false,draft,2026-09-01,2026-09-01,"Draft directory record. Source-verify identity, official links, taxonomy, and public metrics before publication."
pfbcb98e,Troye Sivan,troye-sivan,Public Figure,,,,,,Australia,Australia,,Oceania,,,singer,singer;actor,Music,Music;Film,,,,,,,International,,,,,,,,,,,,,false,,false,draft,2026-09-01,2026-09-01,"Draft directory record. Source-verify identity, official links, taxonomy, and public metrics before publication."
p805e539,How Ridiculous,how-ridiculous,Influencer,,,,,,Australia,Australia,,Oceania,,,content creators,content creators,Sports,Sports;Entertainment,,,content creators,content creators,,,International,,,,,,,,,,,,,false,,false,draft,2026-09-01,2026-09-01,"Draft directory record. Source-verify identity, official links, taxonomy, and public metrics before publication."
p3ef0810,Vijay Singh,vijay-singh,Public Figure,,,,,,Fiji,Fiji,,Oceania,,,golfer,golfer,Sports,Sports,,,golfer,golfer,,,International,,,,,,,,,,,,,false,,false,draft,2026-09-01,2026-09-01,"Draft directory record. Source-verify identity, official links, taxonomy, and public metrics before publication."
p21618b1,Ryan Pini,ryan-pini,Public Figure,,,,,,Papua New Guinea,Papua New Guinea,,Oceania,,,swimmer,swimmer,Sports,Sports,,,swimmer,swimmer,,,International,,,,,,,,,,,,,false,,false,draft,2026-09-01,2026-09-01,"Draft directory record. Source-verify identity, official links, taxonomy, and public metrics before publication."
p6b9b587,Manny Ahio,manny-ahio,Public Figure,,,,,,Samoa,Samoa,,Oceania,,,boxer,boxer,Sports,Sports,,,boxer,boxer,,,International,,,,,,,,,,,,,false,,false,draft,2026-09-01,2026-09-01,"Draft directory record. Source-verify identity, official links, taxonomy, and public metrics before publication."
p0d9ab90,Yohan Blake,yohan-blake,Public Figure,,,,,,Jamaica,Jamaica,,Caribbean,,,sprinter,sprinter,Sports,Sports,,,sprinter,sprinter,,,International,,,,,,,,,,,,,false,,false,draft,2026-09-01,2026-09-01,"Draft directory record. Source-verify identity, official links, taxonomy, and public metrics before publication."
paaf7e39,Shaunae Miller-Uibo,shaunae-miller-uibo,Public Figure,,,,,,Bahamas,Bahamas,,Caribbean,,,sprinter,sprinter,Sports,Sports,,,sprinter,sprinter,,,International,,,,,,,,,,,,,false,,false,draft,2026-09-01,2026-09-01,"Draft directory record. Source-verify identity, official links, taxonomy, and public metrics before publication."
p9321558,Lenny Krayzelburg,lenny-krayzelburg,Public Figure,,,,,,Bahamas,Bahamas,,Caribbean,,,swimmer,swimmer,Sports,Sports,,,swimmer,swimmer,,,International,,,,,,,,,,,,,false,,false,draft,2026-09-01,2026-09-01,"Draft directory record. Source-verify identity, official links, taxonomy, and public metrics before publication."
pf1e4446,Machel Montano,machel-montano,Public Figure,,,,,,Trinidad and Tobago,Trinidad and Tobago,,Caribbean,,,singer,singer;musician,Music,Music,,,,,,,International,,,,,,,,,,,,,false,,false,draft,2026-09-01,2026-09-01,"Draft directory record. Source-verify identity, official links, taxonomy, and public metrics before publication."
p800f2c2,David Ortiz,david-ortiz,Public Figure,,,,,,Dominican Republic,Dominican Republic,,Caribbean,,,baseball player,baseball player,Sports,Sports,,,baseball player,baseball player,,,International,,,,,,,,,,,,,false,,false,draft,2026-09-01,2026-09-01,"Draft directory record. Source-verify identity, official links, taxonomy, and public metrics before publication."
pb2286c3,Ana de Armas,ana-de-armas,Public Figure,,,,,,Cuba,Cuba,,Caribbean,,,actress,actress,Film,Film,,,,,,,International,,,,,,,,,,,,,false,,false,draft,2026-09-01,2026-09-01,"Draft directory record. Source-verify identity, official links, taxonomy, and public metrics before publication."
p4ed49dd,Alexis Sánchez,alexis-snchez,Public Figure,,,,,,Chile,Chile,,Latin America,,,footballer,footballer,Sports,Sports,,,footballer,footballer,,,International,,,,,,,,,,,,,false,,false,draft,2026-09-01,2026-09-01,"Draft directory record. Source-verify identity, official links, taxonomy, and public metrics before publication."
p6fdcafe,Germán Garmendia,germn-garmendia,Influencer,,,,,,Chile,Chile,,Latin America,,,YouTuber,YouTuber;content creator,Comedy,Comedy;Gaming,,,,,,,International,,,,,,,,,,,,,false,,false,draft,2026-09-01,2026-09-01,"Draft directory record. Source-verify identity, official links, taxonomy, and public metrics before publication."
p402babb,Gianluca Lapadula,gianluca-lapadula,Public Figure,,,,,,Peru,Peru,,Latin America,,,footballer,footballer,Sports,Sports,,,footballer,footballer,,,International,,,,,,,,,,,,,false,,false,draft,2026-09-01,2026-09-01,"Draft directory record. Source-verify identity, official links, taxonomy, and public metrics before publication."
p10c790b,James Rodríguez,james-rodrguez,Public Figure,,,,,,Colombia,Colombia,,Latin America,,,footballer,footballer,Sports,Sports,,,footballer,footballer,,,International,,,,,,,,,,,,,false,,false,draft,2026-09-01,2026-09-01,"Draft directory record. Source-verify identity, official links, taxonomy, and public metrics before publication."
p550d72e,Richard Carapaz,richard-carapaz,Public Figure,,,,,,Ecuador,Ecuador,,Latin America,,,cyclist,cyclist,Sports,Sports,,,cyclist,cyclist,,,International,,,,,,,,,,,,,false,,false,draft,2026-09-01,2026-09-01,"Draft directory record. Source-verify identity, official links, taxonomy, and public metrics before publication."
pb264111,Roque Santa Cruz,roque-santa-cruz,Public Figure,,,,,,Paraguay,Paraguay,,Latin America,,,footballer,footballer,Sports,Sports,,,footballer,footballer,,,International,,,,,,,,,,,,,false,,false,draft,2026-09-01,2026-09-01,"Draft directory record. Source-verify identity, official links, taxonomy, and public metrics before publication."
p43320ad,Neymar,neymar,Public Figure,,,,,,Brazil,Brazil,,Latin America,,,footballer,footballer;entrepreneur,Sports,Sports;Fashion,,,footballer;entrepreneur,footballer;entrepreneur,,,International,,,,,,,,,,,,,false,,false,draft,2026-09-01,2026-09-01,"Draft directory record. Source-verify identity, official links, taxonomy, and public metrics before publication."
pbf55a18,Salma Hayek,salma-hayek,Public Figure,,,,,,Mexico,Mexico,,Latin America,,,actress,actress;producer,Film,Film;Fashion,,,,,,,International,,,,,,,,,,,,,false,,false,draft,2026-09-01,2026-09-01,"Draft directory record. Source-verify identity, official links, taxonomy, and public metrics before publication."
pda4e791,Shakira,shakira,Public Figure,,,,,,Colombia,Colombia,,Latin America,,,singer,singer;entrepreneur,Music,Music;Fashion;Business,,,,,,,International,,,,,,,,,,,,,false,,false,draft,2026-09-01,2026-09-01,"Draft directory record. Source-verify identity, official links, taxonomy, and public metrics before publication."
pfb015c2,Luis Díaz,luis-daz,Public Figure,,,,,,Colombia,Colombia,,Latin America,,,footballer,footballer,Sports,Sports,,,footballer,footballer,,,International,,,,,,,,,,,,,false,,false,draft,2026-09-01,2026-09-01,"Draft directory record. Source-verify identity, official links, taxonomy, and public metrics before publication."
pca771d6,Daniella Navarro,daniella-navarro,Public Figure,,,,,,Venezuela,Venezuela,,Latin America,,,actress,actress;television personality,Film,Film;Entertainment,,,,,,,International,,,,,,,,,,,,,false,,false,draft,2026-09-01,2026-09-01,"Draft directory record. Source-verify identity, official links, taxonomy, and public metrics before publication."
pb6aa45e,Marco Antonio Etcheverry,marco-antonio-etcheverry,Public Figure,,,,,,Bolivia,Bolivia,,Latin America,,,footballer,footballer,Sports,Sports,,,footballer,footballer,,,International,,,,,,,,,,,,,false,,false,draft,2026-09-01,2026-09-01,"Draft directory record. Source-verify identity, official links, taxonomy, and public metrics before publication."
p8e34b81,Luisito Marti,luisito-marti,Influencer,,,,,,Bolivia,Bolivia,,Latin America,,,content creator,content creator;comedian,Entertainment,Entertainment;Comedy,,,,,,,International,,,,,,,,,,,,,false,,false,draft,2026-09-01,2026-09-01,"Draft directory record. Source-verify identity, official links, taxonomy, and public metrics before publication."
p3bff827,Enner Valencia,enner-valencia,Public Figure,,,,,,Ecuador,Ecuador,,Latin America,,,footballer,footballer,Sports,Sports,,,footballer,footballer,,,International,,,,,,,,,,,,,false,,false,draft,2026-09-01,2026-09-01,"Draft directory record. Source-verify identity, official links, taxonomy, and public metrics before publication."
pf457d7c,Mirella Cesa,mirella-cesa,Public Figure,,,,,,Ecuador,Ecuador,,Latin America,,,singer,singer;songwriter,Music,Music,,,,,,,International,,,,,,,,,,,,,false,,false,draft,2026-09-01,2026-09-01,"Draft directory record. Source-verify identity, official links, taxonomy, and public metrics before publication."
pa7538a5,Mario Vargas Llosa,mario-vargas-llosa,Public Figure,,,,,,Peru,Peru,,Latin America,,,writer,writer;public figure,Literature,Literature,,,,,,,International,,,,,,,,,,,,,false,,false,draft,2026-09-01,2026-09-01,"Draft directory record. Source-verify identity, official links, taxonomy, and public metrics before publication."
paa53441,Claudia Salas,claudia-salas,Influencer,,,,,,Peru,Peru,,Latin America,,,content creator,content creator,Lifestyle,Lifestyle;Fashion,,,,,,,International,,,,,,,,,,,,,false,,false,draft,2026-09-01,2026-09-01,"Draft directory record. Source-verify identity, official links, taxonomy, and public metrics before publication."
pd134ffe,Natalia Oreiro,natalia-oreiro,Public Figure,,,,,,Uruguay,Uruguay,,Latin America,,,singer,singer;actress,Music,Music;Film,,,,,,,International,,,,,,,,,,,,,false,,false,draft,2026-09-01,2026-09-01,"Draft directory record. Source-verify identity, official links, taxonomy, and public metrics before publication."
p2b2d0c3,Berta Rojas,berta-rojas,Public Figure,,,,,,Paraguay,Paraguay,,Latin America,,,guitarist,guitarist;musician,Music,Music,,,,,,,International,,,,,,,,,,,,,false,,false,draft,2026-09-01,2026-09-01,"Draft directory record. Source-verify identity, official links, taxonomy, and public metrics before publication."
p885bf21,Keylor Navas,keylor-navas,Public Figure,,,,,,Costa Rica,Costa Rica,,Latin America,,,footballer,footballer,Sports,Sports,,,footballer,footballer,,,International,,,,,,,,,,,,,false,,false,draft,2026-09-01,2026-09-01,"Draft directory record. Source-verify identity, official links, taxonomy, and public metrics before publication."
p8f5a4bf,Debi Nova,debi-nova,Public Figure,,,,,,Costa Rica,Costa Rica,,Latin America,,,singer,singer;songwriter,Music,Music,,,,,,,International,,,,,,,,,,,,,false,,false,draft,2026-09-01,2026-09-01,"Draft directory record. Source-verify identity, official links, taxonomy, and public metrics before publication."
pb704178,Sech,sech,Public Figure,,,,,,Panama,Panama,,Latin America,,,singer,singer;rapper,Music,Music,,,,,,,International,,,,,,,,,,,,,false,,false,draft,2026-09-01,2026-09-01,"Draft directory record. Source-verify identity, official links, taxonomy, and public metrics before publication."
p4f92832,Joey Montana,joey-montana,Public Figure,,,,,,Panama,Panama,,Latin America,,,singer,singer;musician,Music,Music,,,,,,,International,,,,,,,,,,,,,false,,false,draft,2026-09-01,2026-09-01,"Draft directory record. Source-verify identity, official links, taxonomy, and public metrics before publication."
p8f785b6,Ricardo Arjona,ricardo-arjona,Public Figure,,,,,,Guatemala,Guatemala,,Latin America,,,singer,singer;songwriter,Music,Music,,,,,,,International,,,,,,,,,,,,,false,,false,draft,2026-09-01,2026-09-01,"Draft directory record. Source-verify identity, official links, taxonomy, and public metrics before publication."
p31cfde6,Álvaro Torres,lvaro-torres,Public Figure,,,,,,El Salvador,El Salvador,,Latin America,,,singer,singer;songwriter,Music,Music,,,,,,,International,,,,,,,,,,,,,false,,false,draft,2026-09-01,2026-09-01,"Draft directory record. Source-verify identity, official links, taxonomy, and public metrics before publication."
p4fc40c7,David Suazo,david-suazo,Public Figure,,,,,,Honduras,Honduras,,Latin America,,,footballer,footballer,Sports,Sports,,,footballer,footballer,,,International,,,,,,,,,,,,,false,,false,draft,2026-09-01,2026-09-01,"Draft directory record. Source-verify identity, official links, taxonomy, and public metrics before publication."
pb416b4c,Dennis Martínez,dennis-martnez,Public Figure,,,,,,Nicaragua,Nicaragua,,Latin America,,,baseball player,baseball player,Sports,Sports,,,baseball player,baseball player,,,International,,,,,,,,,,,,,false,,false,draft,2026-09-01,2026-09-01,"Draft directory record. Source-verify identity, official links, taxonomy, and public metrics before publication."
p28a369a,Ozuna,ozuna,Public Figure,,,,,,Puerto Rico,Puerto Rico,,Caribbean,,,singer,singer;rapper,Music,Music,,,,,,,International,,,,,,,,,,,,,false,,false,draft,2026-09-01,2026-09-01,"Draft directory record. Source-verify identity, official links, taxonomy, and public metrics before publication."
p958eacb,Rauw Alejandro,rauw-alejandro,Public Figure,,,,,,Puerto Rico,Puerto Rico,,Caribbean,,,singer,singer;dancer,Music,Music;Dance,,,,,,,International,,,,,,,,,,,,,false,,false,draft,2026-09-01,2026-09-01,"Draft directory record. Source-verify identity, official links, taxonomy, and public metrics before publication."
p391b815,Andruw Jones,andruw-jones,Public Figure,,,,,,Curaçao,Curaçao,,Caribbean,,,baseball player,baseball player,Sports,Sports,,,baseball player,baseball player,,,International,,,,,,,,,,,,,false,,false,draft,2026-09-01,2026-09-01,"Draft directory record. Source-verify identity, official links, taxonomy, and public metrics before publication."
p1f6e158,Juan Luis Guerra,juan-luis-guerra,Public Figure,,,,,,Dominican Republic,Dominican Republic,,Caribbean,,,singer,singer;musician,Music,Music,,,,,,,International,,,,,,,,,,,,,false,,false,draft,2026-09-01,2026-09-01,"Draft directory record. Source-verify identity, official links, taxonomy, and public metrics before publication."
pc60784f,Cimafunk,cimafunk,Public Figure,,,,,,Cuba,Cuba,,Caribbean,,,singer,singer;musician,Music,Music,,,,,,,International,,,,,,,,,,,,,false,,false,draft,2026-09-01,2026-09-01,"Draft directory record. Source-verify identity, official links, taxonomy, and public metrics before publication."
p3c4148a,The Weeknd,the-weeknd,Public Figure,,,,,,Canada,Canada,,North America,,,singer,singer;entrepreneur,Music,Music;Business,,,,,,,International,,,,,,,,,,,,,false,,false,draft,2026-09-01,2026-09-01,"Draft directory record. Source-verify identity, official links, taxonomy, and public metrics before publication."
p08a2cb6,Drake,drake,Public Figure,,,,,,Canada,Canada,,North America,,,rapper,rapper;singer;entrepreneur,Music,Music;Business,,,,,,,International,,,,,,,,,,,,,false,,false,draft,2026-09-01,2026-09-01,"Draft directory record. Source-verify identity, official links, taxonomy, and public metrics before publication."
p7c67e4b,Simu Liu,simu-liu,Public Figure,,,,,,Canada,Canada,,North America,,,actor,actor;entrepreneur,Film,Film;Business,,,,,,,International,,,,,,,,,,,,,false,,false,draft,2026-09-01,2026-09-01,"Draft directory record. Source-verify identity, official links, taxonomy, and public metrics before publication."
pe95582d,Milos Raonic,milos-raonic,Public Figure,,,,,,Canada,Canada,,North America,,,tennis player,tennis player,Sports,Sports,,,tennis player,tennis player,,,International,,,,,,,,,,,,,false,,false,draft,2026-09-01,2026-09-01,"Draft directory record. Source-verify identity, official links, taxonomy, and public metrics before publication."
p4507f04,Zoe Sugg,zoe-sugg,Influencer,,,,,,United Kingdom,United Kingdom,,Europe,,,content creator,content creator;entrepreneur,Lifestyle,Lifestyle;Fashion,,,,,,,International,,,,,,,,,,,,,false,,false,draft,2026-09-01,2026-09-01,"Draft directory record. Source-verify identity, official links, taxonomy, and public metrics before publication."
p53e834f,Omar Sy,omar-sy,Public Figure,,,,,,France,France,,Europe,,,actor,actor;comedian,Film,Film;Entertainment,,,,,,,International,,,,,,,,,,,,,false,,false,draft,2026-09-01,2026-09-01,"Draft directory record. Source-verify identity, official links, taxonomy, and public metrics before publication."
pb3bb767,Aitana,aitana,Public Figure,,,,,,Spain,Spain,,Europe,,,singer,singer,Music,Music;Fashion,,,,,,,International,,,,,,,,,,,,,false,,false,draft,2026-09-01,2026-09-01,"Draft directory record. Source-verify identity, official links, taxonomy, and public metrics before publication."
p3a2dfd6,Bruno Fernandes,bruno-fernandes,Public Figure,,,,,,Portugal,Portugal,,Europe,,,footballer,footballer,Sports,Sports,,,footballer,footballer,,,International,,,,,,,,,,,,,false,,false,draft,2026-09-01,2026-09-01,"Draft directory record. Source-verify identity, official links, taxonomy, and public metrics before publication."
pa791b78,Gianluca Vacchi,gianluca-vacchi,Influencer,,,,,,Italy,Italy,,Europe,,,entrepreneur,entrepreneur;content creator,Lifestyle,Lifestyle;Business,,,,,,,International,,,,,,,,,,,,,false,,false,draft,2026-09-01,2026-09-01,"Draft directory record. Source-verify identity, official links, taxonomy, and public metrics before publication."
p32355ad,Manuel Neuer,manuel-neuer,Public Figure,,,,,,Germany,Germany,,Europe,,,footballer,footballer,Sports,Sports,,,footballer,footballer,,,International,,,,,,,,,,,,,false,,false,draft,2026-09-01,2026-09-01,"Draft directory record. Source-verify identity, official links, taxonomy, and public metrics before publication."
p1d28158,Romelu Lukaku,romelu-lukaku,Public Figure,,,,,,Belgium,Belgium,,Europe,,,footballer,footballer,Sports,Sports,,,footballer,footballer,,,International,,,,,,,,,,,,,false,,false,draft,2026-09-01,2026-09-01,"Draft directory record. Source-verify identity, official links, taxonomy, and public metrics before publication."
pd375131,Roger Federer,roger-federer,Public Figure,,,,,,Switzerland,Switzerland,,Europe,,,tennis player,tennis player;entrepreneur,Sports,Sports;Business,,,tennis player;entrepreneur,tennis player;entrepreneur,,,International,,,,,,,,,,,,,false,,false,draft,2026-09-01,2026-09-01,"Draft directory record. Source-verify identity, official links, taxonomy, and public metrics before publication."
p3977364,David Alaba,david-alaba,Public Figure,,,,,,Austria,Austria,,Europe,,,footballer,footballer,Sports,Sports;Fashion,,,footballer,footballer,,,International,,,,,,,,,,,,,false,,false,draft,2026-09-01,2026-09-01,"Draft directory record. Source-verify identity, official links, taxonomy, and public metrics before publication."
pa863c17,Maria Sakkari,maria-sakkari,Public Figure,,,,,,Greece,Greece,,Europe,,,tennis player,tennis player,Sports,Sports,,,tennis player,tennis player,,,International,,,,,,,,,,,,,false,,false,draft,2026-09-01,2026-09-01,"Draft directory record. Source-verify identity, official links, taxonomy, and public metrics before publication."
pc8248d0,Hakan Çalhanoğlu,hakan-alhanolu,Public Figure,,,,,,Turkey,Turkey,,Europe,,,footballer,footballer,Sports,Sports,,,footballer,footballer,,,International,,,,,,,,,,,,,false,,false,draft,2026-09-01,2026-09-01,"Draft directory record. Source-verify identity, official links, taxonomy, and public metrics before publication."
p56477f0,Cemre Solmaz,cemre-solmaz,Influencer,,,,,,Turkey,Turkey,,Europe,,,content creator,content creator,Entertainment,Entertainment;Lifestyle,,,,,,,International,,,,,,,,,,,,,false,,false,draft,2026-09-01,2026-09-01,"Draft directory record. Source-verify identity, official links, taxonomy, and public metrics before publication."
p13f1fc8,Gal Gadot,gal-gadot,Public Figure,,,,,,Israel,Israel,,Asia,,,actress,actress;producer;entrepreneur,Film,Film;Fashion;Business,,,,,,,International,,,,,,,,,,,,,false,,false,draft,2026-09-01,2026-09-01,"Draft directory record. Source-verify identity, official links, taxonomy, and public metrics before publication."
p55dd9b7,Noa Kirel,noa-kirel,Public Figure,,,,,,Israel,Israel,,Asia,,,singer,singer;actress,Music,Music;Entertainment,,,,,,,International,,,,,,,,,,,,,false,,false,draft,2026-09-01,2026-09-01,"Draft directory record. Source-verify identity, official links, taxonomy, and public metrics before publication."
pef08d7b,Hattan Bahbri,hattan-bahbri,Public Figure,,,,,,Saudi Arabia,Saudi Arabia,,Asia,,,footballer,footballer,Sports,Sports,,,footballer,footballer,,,International,,,,,,,,,,,,,false,,false,draft,2026-09-01,2026-09-01,"Draft directory record. Source-verify identity, official links, taxonomy, and public metrics before publication."
pa1a345b,Aseel Omran,aseel-omran,Public Figure,,,,,,Saudi Arabia,Saudi Arabia,,Asia,,,singer,singer;actress,Music,Music;Entertainment,,,,,,,International,,,,,,,,,,,,,false,,false,draft,2026-09-01,2026-09-01,"Draft directory record. Source-verify identity, official links, taxonomy, and public metrics before publication."
p9d30820,Omar Farooq,omar-farooq,Influencer,,,,,,Jordan,Jordan,,Asia,,,content creator,content creator;filmmaker,Travel,Travel;Lifestyle,,,,,,,International,,,,,,,,,,,,,false,,false,draft,2026-09-01,2026-09-01,"Draft directory record. Source-verify identity, official links, taxonomy, and public metrics before publication."
p20bb714,Mutaz Barshim,mutaz-barshim,Public Figure,,,,,,Qatar,Qatar,,Asia,,,high jumper,high jumper,Sports,Sports,,,high jumper,high jumper,,,International,,,,,,,,,,,,,false,,false,draft,2026-09-01,2026-09-01,"Draft directory record. Source-verify identity, official links, taxonomy, and public metrics before publication."
p630b1fb,Elnaz Rekabi,elnaz-rekabi,Public Figure,,,,,,Iran,Iran,,Asia,,,sport climber,sport climber,Sports,Sports,,,sport climber,sport climber,,,International,,,,,,,,,,,,,false,,false,draft,2026-09-01,2026-09-01,"Draft directory record. Source-verify identity, official links, taxonomy, and public metrics before publication."
p1fe9949,Sahar Tabar,sahar-tabar,Influencer,,,,,,Iran,Iran,,Asia,,,content creator,content creator,Entertainment,Entertainment,,,,,,,International,,,,,,,,,,,,,false,,false,draft,2026-09-01,2026-09-01,"Draft directory record. Source-verify identity, official links, taxonomy, and public metrics before publication."
p1dd61f8,Kadim Al Sahir,kadim-al-sahir,Public Figure,,,,,,Iraq,Iraq,,Asia,,,singer,singer;composer,Music,Music,,,,,,,International,,,,,,,,,,,,,false,,false,draft,2026-09-01,2026-09-01,"Draft directory record. Source-verify identity, official links, taxonomy, and public metrics before publication."
p6ce2e58,Nour Stars,nour-stars,Influencer,,,,,,Syria,Syria,,Asia,,,content creator,content creator,Lifestyle,Lifestyle;Beauty,,,,,,,International,,,,,,,,,,,,,false,,false,draft,2026-09-01,2026-09-01,"Draft directory record. Source-verify identity, official links, taxonomy, and public metrics before publication."
pfea5d20,Mohammad Assaf,mohammad-assaf,Public Figure,,,,,,Palestine,Palestine,,Asia,,,singer,singer,Music,Music,,,,,,,International,,,,,,,,,,,,,false,,false,draft,2026-09-01,2026-09-01,"Draft directory record. Source-verify identity, official links, taxonomy, and public metrics before publication."
p2ae0428,Tobi Amusan,tobi-amusan,Public Figure,,,,,,Nigeria,Nigeria,,Africa,,,sprinter,sprinter;hurdler,Sports,Sports,,,sprinter;hurdler,sprinter;hurdler,,,International,,,,,,,,,,,,,false,,false,draft,2026-09-01,2026-09-01,"Draft directory record. Source-verify identity, official links, taxonomy, and public metrics before publication."
p3a13e25,Stonebwoy,stonebwoy,Public Figure,,,,,,Ghana,Ghana,,Africa,,,singer,singer;musician,Music,Music,,,,,,,International,,,,,,,,,,,,,false,,false,draft,2026-09-01,2026-09-01,"Draft directory record. Source-verify identity, official links, taxonomy, and public metrics before publication."
p76484d6,Thomas Partey,thomas-partey,Public Figure,,,,,,Ghana,Ghana,,Africa,,,footballer,footballer,Sports,Sports,,,footballer,footballer,,,International,,,,,,,,,,,,,false,,false,draft,2026-09-01,2026-09-01,"Draft directory record. Source-verify identity, official links, taxonomy, and public metrics before publication."
p0f0dcb7,Ferdinand Omanyala,ferdinand-omanyala,Public Figure,,,,,,Kenya,Kenya,,Africa,,,sprinter,sprinter,Sports,Sports,,,sprinter,sprinter,,,International,,,,,,,,,,,,,false,,false,draft,2026-09-01,2026-09-01,"Draft directory record. Source-verify identity, official links, taxonomy, and public metrics before publication."
pdfecddf,Wabosha Maxine,wabosha-maxine,Influencer,,,,,,Kenya,Kenya,,Africa,,,content creator,content creator;beauty creator,Beauty,Beauty;Lifestyle,,,,,,,International,,,,,,,,,,,,,false,,false,draft,2026-09-01,2026-09-01,"Draft directory record. Source-verify identity, official links, taxonomy, and public metrics before publication."
pa5150c8,Nasty C,nasty-c,Public Figure,,,,,,South Africa,South Africa,,Africa,,,rapper,rapper;musician,Music,Music,,,,,,,International,,,,,,,,,,,,,false,,false,draft,2026-09-01,2026-09-01,"Draft directory record. Source-verify identity, official links, taxonomy, and public metrics before publication."
p0d3096d,Master KG,master-kg,Public Figure,,,,,,South Africa,South Africa,,Africa,,,DJ,DJ;producer;musician,Music,Music,,,,,,,International,,,,,,,,,,,,,false,,false,draft,2026-09-01,2026-09-01,"Draft directory record. Source-verify identity, official links, taxonomy, and public metrics before publication."
p4838d4b,Lebo Gunguluza,lebo-gunguluza,Public Figure,,,,,,South Africa,South Africa,,Africa,,,entrepreneur,entrepreneur;investor,Business,Business,,,,,,,International,,,,,,,,,,,,,false,,false,draft,2026-09-01,2026-09-01,"Draft directory record. Source-verify identity, official links, taxonomy, and public metrics before publication."
p8b0d057,Zuchu,zuchu,Public Figure,,,,,,Tanzania,Tanzania,,Africa,,,singer,singer;musician,Music,Music,,,,,,,International,,,,,,,,,,,,,false,,false,draft,2026-09-01,2026-09-01,"Draft directory record. Source-verify identity, official links, taxonomy, and public metrics before publication."
p85d8cf2,Joshua Cheptegei,joshua-cheptegei,Public Figure,,,,,,Uganda,Uganda,,Africa,,,long-distance runner,long-distance runner,Sports,Sports,,,long-distance runner,long-distance runner,,,International,,,,,,,,,,,,,false,,false,draft,2026-09-01,2026-09-01,"Draft directory record. Source-verify identity, official links, taxonomy, and public metrics before publication."
p67be31e,Spice Diana,spice-diana,Public Figure,,,,,,Uganda,Uganda,,Africa,,,singer,singer;musician,Music,Music,,,,,,,International,,,,,,,,,,,,,false,,false,draft,2026-09-01,2026-09-01,"Draft directory record. Source-verify identity, official links, taxonomy, and public metrics before publication."
p2b3c095,Kevin Kade,kevin-kade,Influencer,,,,,,Rwanda,Rwanda,,Africa,,,musician,musician;content creator,Music,Music;Entertainment,,,,,,,International,,,,,,,,,,,,,false,,false,draft,2026-09-01,2026-09-01,"Draft directory record. Source-verify identity, official links, taxonomy, and public metrics before publication."
pe1d4ef2,Shaddy Boo,shaddy-boo,Influencer,,,,,,Rwanda,Rwanda,,Africa,,,content creator,content creator;model,Fashion,Fashion;Lifestyle,,,,,,,International,,,,,,,,,,,,,false,,false,draft,2026-09-01,2026-09-01,"Draft directory record. Source-verify identity, official links, taxonomy, and public metrics before publication."
p763b425,Pape Cheikh Diop,pape-cheikh-diop,Public Figure,,,,,,Senegal,Senegal,,Africa,,,footballer,footballer,Sports,Sports,,,footballer,footballer,,,International,,,,,,,,,,,,,false,,false,draft,2026-09-01,2026-09-01,"Draft directory record. Source-verify identity, official links, taxonomy, and public metrics before publication."
pc2fb402,Wilfried Zaha,wilfried-zaha,Public Figure,,,,,,Côte d'Ivoire,Côte d'Ivoire,,Africa,,,footballer,footballer,Sports,Sports,,,footballer,footballer,,,International,,,,,,,,,,,,,false,,false,draft,2026-09-01,2026-09-01,"Draft directory record. Source-verify identity, official links, taxonomy, and public metrics before publication."
pf31eeb8,Tenor,tenor,Public Figure,,,,,,Cameroon,Cameroon,,Africa,,,rapper,rapper;musician,Music,Music,,,,,,,International,,,,,,,,,,,,,false,,false,draft,2026-09-01,2026-09-01,"Draft directory record. Source-verify identity, official links, taxonomy, and public metrics before publication."
pd108353,Hakim Ziyech,hakim-ziyech,Public Figure,,,,,,Morocco,Morocco,,Africa,,,footballer,footballer,Sports,Sports,,,footballer,footballer,,,International,,,,,,,,,,,,,false,,false,draft,2026-09-01,2026-09-01,"Draft directory record. Source-verify identity, official links, taxonomy, and public metrics before publication."
pf346511,Manal Benchlikha,manal-benchlikha,Public Figure,,,,,,Morocco,Morocco,,Africa,,,singer,singer;musician,Music,Music;Fashion,,,,,,,International,,,,,,,,,,,,,false,,false,draft,2026-09-01,2026-09-01,"Draft directory record. Source-verify identity, official links, taxonomy, and public metrics before publication."
pa3669cd,Aymen Hussein,aymen-hussein,Public Figure,,,,,,Iraq,Tunisia,,Asia,,,footballer,footballer,Sports,Sports,,,footballer,footballer,,,International,,,,,,,,,,,,,false,,false,draft,2026-09-01,2026-09-01,"Draft directory record. Source-verify identity, official links, taxonomy, and public metrics before publication."
p7d0cb90,Ahmed Helmy,ahmed-helmy,Public Figure,,,,,,Egypt,Egypt,,Africa,,,actor,actor;comedian,Film,Film;Comedy,,,,,,,International,,,,,,,,,,,,,false,,false,draft,2026-09-01,2026-09-01,"Draft directory record. Source-verify identity, official links, taxonomy, and public metrics before publication."
pec13ed9,Mona Zaki,mona-zaki,Public Figure,,,,,,Egypt,Egypt,,Africa,,,actress,actress,Film,Film,,,,,,,International,,,,,,,,,,,,,false,,false,draft,2026-09-01,2026-09-01,"Draft directory record. Source-verify identity, official links, taxonomy, and public metrics before publication."
p3283839,Mashrafe Mortaza,mashrafe-mortaza,Public Figure,,,,,,Bangladesh,Bangladesh,,Asia,,,cricketer,cricketer,Sports,Sports,,,cricketer,cricketer,,,International,,,,,,,,,,,,,false,,false,draft,2026-09-01,2026-09-01,"Draft directory record. Source-verify identity, official links, taxonomy, and public metrics before publication."
pb95887c,Wasim Akram,wasim-akram,Public Figure,,,,,,Pakistan,Pakistan,,Asia,,,cricketer,cricketer;commentator,Sports,Sports;Media,,,cricketer;commentator,cricketer;commentator,,,International,,,,,,,,,,,,,false,,false,draft,2026-09-01,2026-09-01,"Draft directory record. Source-verify identity, official links, taxonomy, and public metrics before publication."
p1ce98c2,Angelo Mathews,angelo-mathews,Public Figure,,,,,,Sri Lanka,Sri Lanka,,Asia,,,cricketer,cricketer,Sports,Sports,,,cricketer,cricketer,,,International,,,,,,,,,,,,,false,,false,draft,2026-09-01,2026-09-01,"Draft directory record. Source-verify identity, official links, taxonomy, and public metrics before publication."
pc83f38f,Umaria Sinhawansa,umaria-sinhawansa,Public Figure,,,,,,Sri Lanka,Sri Lanka,,Asia,,,singer,singer;musician,Music,Music,,,,,,,International,,,,,,,,,,,,,false,,false,draft,2026-09-01,2026-09-01,"Draft directory record. Source-verify identity, official links, taxonomy, and public metrics before publication."
p9c1e0be,Paras Khadka,paras-khadka,Public Figure,,,,,,Nepal,Nepal,,Asia,,,cricketer,cricketer,Sports,Sports,,,cricketer,cricketer,,,International,,,,,,,,,,,,,false,,false,draft,2026-09-01,2026-09-01,"Draft directory record. Source-verify identity, official links, taxonomy, and public metrics before publication."
p96d0c90,Priyanka Karki,priyanka-karki,Public Figure,,,,,,Nepal,Nepal,,Asia,,,actress,actress;singer,Film,Film;Music,,,,,,,International,,,,,,,,,,,,,false,,false,draft,2026-09-01,2026-09-01,"Draft directory record. Source-verify identity, official links, taxonomy, and public metrics before publication."
p81259a8,Đen Vâu,en-vu,Public Figure,,,,,,Vietnam,Vietnam,,Asia,,,rapper,rapper;musician,Music,Music,,,,,,,International,,,,,,,,,,,,,false,,false,draft,2026-09-01,2026-09-01,"Draft directory record. Source-verify identity, official links, taxonomy, and public metrics before publication."
padc39a6,H'Hen Niê,h-hen-ni,Public Figure,,,,,,Vietnam,Vietnam,,Asia,,,model,model;public figure,Fashion,Fashion,,,,,,,International,,,,,,,,,,,,,false,,false,draft,2026-09-01,2026-09-01,"Draft directory record. Source-verify identity, official links, taxonomy, and public metrics before publication."
p9ef16ee,Lisa,lisa,Public Figure,,,,,,Thailand,Thailand,,Asia,,,singer,singer;performer,Music,Music;Fashion,,,,,,,International,,,,,,,,,,,,,false,,false,draft,2026-09-01,2026-09-01,"Draft directory record. Source-verify identity, official links, taxonomy, and public metrics before publication."
p4143399,Baifern Pimchanok,baifern-pimchanok,Public Figure,,,,,,Thailand,Thailand,,Asia,,,actress,actress;model,Film,Film;Fashion,,,,,,,International,,,,,,,,,,,,,false,,false,draft,2026-09-01,2026-09-01,"Draft directory record. Source-verify identity, official links, taxonomy, and public metrics before publication."
p23993d1,Agnez Mo,agnez-mo,Public Figure,,,,,,Indonesia,Indonesia,,Asia,,,singer,singer;actress,Music,Music;Film,,,,,,,International,,,,,,,,,,,,,false,,false,draft,2026-09-01,2026-09-01,"Draft directory record. Source-verify identity, official links, taxonomy, and public metrics before publication."
pc5ec6bd,Greysia Polii,greysia-polii,Public Figure,,,,,,Indonesia,Indonesia,,Asia,,,badminton player,badminton player,Sports,Sports,,,badminton player,badminton player,,,International,,,,,,,,,,,,,false,,false,draft,2026-09-01,2026-09-01,"Draft directory record. Source-verify identity, official links, taxonomy, and public metrics before publication."
p9613ec0,Lee Chong Wei,lee-chong-wei,Public Figure,,,,,,Malaysia,Malaysia,,Asia,,,badminton player,badminton player;entrepreneur,Sports,Sports;Business,,,badminton player;entrepreneur,badminton player;entrepreneur,,,International,,,,,,,,,,,,,false,,false,draft,2026-09-01,2026-09-01,"Draft directory record. Source-verify identity, official links, taxonomy, and public metrics before publication."
p5c5e698,Bea Alonzo,bea-alonzo,Public Figure,,,,,,Philippines,Philippines,,Asia,,,actress,actress;producer,Film,Film;Fashion,,,,,,,International,,,,,,,,,,,,,false,,false,draft,2026-09-01,2026-09-01,"Draft directory record. Source-verify identity, official links, taxonomy, and public metrics before publication."
p6e3b844,Shohei Ohtani,shohei-ohtani,Public Figure,,,,,,Japan,Japan,,Asia,,,baseball player,baseball player,Sports,Sports,,,baseball player,baseball player,,,International,,,,,,,,,,,,,false,,false,draft,2026-09-01,2026-09-01,"Draft directory record. Source-verify identity, official links, taxonomy, and public metrics before publication."
p336162b,Naomi Watanabe,naomi-watanabe,Influencer,,,,,,Japan,Japan,,Asia,,,comedian,comedian;fashion creator,Fashion,Fashion;Comedy,,,,,,,International,,,,,,,,,,,,,false,,false,draft,2026-09-01,2026-09-01,"Draft directory record. Source-verify identity, official links, taxonomy, and public metrics before publication."
p46ea3b1,Son Ye-jin,son-ye-jin,Public Figure,,,,,,South Korea,South Korea,,Asia,,,actress,actress,Film,Film;Fashion,,,,,,,International,,,,,,,,,,,,,false,,false,draft,2026-09-01,2026-09-01,"Draft directory record. Source-verify identity, official links, taxonomy, and public metrics before publication."
p1973b76,Lee Min-ho,lee-min-ho,Public Figure,,,,,,South Korea,South Korea,,Asia,,,actor,actor;model,Film,Film;Fashion,,,,,,,International,,,,,,,,,,,,,false,,false,draft,2026-09-01,2026-09-01,"Draft directory record. Source-verify identity, official links, taxonomy, and public metrics before publication."
p7cb5e55,Zhang Ziyi,zhang-ziyi,Public Figure,,,,,,China,China,,Asia,,,actress,actress;producer,Film,Film;Fashion,,,,,,,International,,,,,,,,,,,,,false,,false,draft,2026-09-01,2026-09-01,"Draft directory record. Source-verify identity, official links, taxonomy, and public metrics before publication."
p03b9de7,Dilraba Dilmurat,dilraba-dilmurat,Public Figure,,,,,,China,China,,Asia,,,actress,actress;model,Film,Film;Fashion,,,,,,,International,,,,,,,,,,,,,false,,false,draft,2026-09-01,2026-09-01,"Draft directory record. Source-verify identity, official links, taxonomy, and public metrics before publication."
p4549520,Chou Tzuyu,chou-tzuyu,Public Figure,,,,,,Taiwan,Taiwan,,Asia,,,singer,singer;performer,Music,Music;Fashion,,,,,,,International,,,,,,,,,,,,,false,,false,draft,2026-09-01,2026-09-01,"Draft directory record. Source-verify identity, official links, taxonomy, and public metrics before publication."
pd578799,Sammi Cheng,sammi-cheng,Public Figure,,,,,,Hong Kong,Hong Kong,,Asia,,,singer,singer;actress,Music,Music;Film,,,,,,,International,,,,,,,,,,,,,false,,false,draft,2026-09-01,2026-09-01,"Draft directory record. Source-verify identity, official links, taxonomy, and public metrics before publication."
pb5e2c93,Sükhbaataryn Batbold,skhbaataryn-batbold,Public Figure,,,,,,Mongolia,Mongolia,,Asia,,,businessperson,businessperson;public figure,Business,Business,,,,,,,International,,,,,,,,,,,,,false,,false,draft,2026-09-01,2026-09-01,"Draft directory record. Source-verify identity, official links, taxonomy, and public metrics before publication."
p5bc1cf6,Elena Rybakina,elena-rybakina,Public Figure,,,,,,Kazakhstan,Kazakhstan,,Asia,,,tennis player,tennis player,Sports,Sports,,,tennis player,tennis player,,,International,,,,,,,,,,,,,false,,false,draft,2026-09-01,2026-09-01,"Draft directory record. Source-verify identity, official links, taxonomy, and public metrics before publication."
p39bcd97,Abbosbek Fayzullaev,abbosbek-fayzullaev,Public Figure,,,,,,Uzbekistan,Uzbekistan,,Asia,,,footballer,footballer,Sports,Sports,,,footballer,footballer,,,International,,,,,,,,,,,,,false,,false,draft,2026-09-01,2026-09-01,"Draft directory record. Source-verify identity, official links, taxonomy, and public metrics before publication."
pb5bd932,Aizada Kanatbekova,aizada-kanatbekova,Influencer,,,,,,Kyrgyzstan,Kyrgyzstan,,Asia,,,content creator,content creator;model,Lifestyle,Lifestyle;Fashion,,,,,,,International,,,,,,,,,,,,,false,,false,draft,2026-09-01,2026-09-01,"Draft directory record. Source-verify identity, official links, taxonomy, and public metrics before publication."
p76ea637,Nino Katamadze,nino-katamadze,Public Figure,,,,,,Georgia,Georgia,,Europe,,,singer,singer;musician,Music,Music,,,,,,,International,,,,,,,,,,,,,false,,false,draft,2026-09-01,2026-09-01,"Draft directory record. Source-verify identity, official links, taxonomy, and public metrics before publication."
p573b504,Sona Ghazaryan,sona-ghazaryan,Influencer,,,,,,Armenia,Armenia,,Europe,,,content creator,content creator,Lifestyle,Lifestyle;Entertainment,,,,,,,International,,,,,,,,,,,,,false,,false,draft,2026-09-01,2026-09-01,"Draft directory record. Source-verify identity, official links, taxonomy, and public metrics before publication."
p1d1690d,Aysel Teymurzadeh,aysel-teymurzadeh,Public Figure,,,,,,Azerbaijan,Azerbaijan,,Europe,,,singer,singer,Music,Music,,,,,,,International,,,,,,,,,,,,,false,,false,draft,2026-09-01,2026-09-01,"Draft directory record. Source-verify identity, official links, taxonomy, and public metrics before publication."
p61a116c,Jelena Djokovic,jelena-djokovic,Influencer,,,,,,Serbia,Serbia,,Europe,,,entrepreneur,entrepreneur;content creator,Lifestyle,Lifestyle;Education,,,,,,,International,,,,,,,,,,,,,false,,false,draft,2026-09-01,2026-09-01,"Draft directory record. Source-verify identity, official links, taxonomy, and public metrics before publication."
p8ff1a48,Doris Pinčić,doris-pini,Public Figure,,,,,,Croatia,Croatia,,Europe,,,television host,television host;actress,Media,Media;Entertainment,,,,,,,International,,,,,,,,,,,,,false,,false,draft,2026-09-01,2026-09-01,"Draft directory record. Source-verify identity, official links, taxonomy, and public metrics before publication."
p235a794,Tadej Pogačar,tadej-pogaar,Public Figure,,,,,,Slovenia,Slovenia,,Europe,,,cyclist,cyclist,Sports,Sports,,,cyclist,cyclist,,,International,,,,,,,,,,,,,false,,false,draft,2026-09-01,2026-09-01,"Draft directory record. Source-verify identity, official links, taxonomy, and public metrics before publication."
pd3ebd9e,Amel Tuka,amel-tuka,Public Figure,,,,,,Bosnia and Herzegovina,Bosnia and Herzegovina,,Europe,,,middle-distance runner,middle-distance runner,Sports,Sports,,,middle-distance runner,middle-distance runner,,,International,,,,,,,,,,,,,false,,false,draft,2026-09-01,2026-09-01,"Draft directory record. Source-verify identity, official links, taxonomy, and public metrics before publication."
p8a0895c,Era Istrefi,era-istrefi,Public Figure,,,,,,Albania,Albania,,Europe,,,singer,singer;songwriter,Music,Music,,,,,,,International,,,,,,,,,,,,,false,,false,draft,2026-09-01,2026-09-01,"Draft directory record. Source-verify identity, official links, taxonomy, and public metrics before publication."
p4065871,Stefan Savić,stefan-savi,Public Figure,,,,,,Montenegro,Montenegro,,Europe,,,footballer,footballer,Sports,Sports,,,footballer,footballer,,,International,,,,,,,,,,,,,false,,false,draft,2026-09-01,2026-09-01,"Draft directory record. Source-verify identity, official links, taxonomy, and public metrics before publication."
p124e502,Maria Bakalova,maria-bakalova,Public Figure,,,,,,Bulgaria,Bulgaria,,Europe,,,actress,actress,Film,Film,,,,,,,International,,,,,,,,,,,,,false,,false,draft,2026-09-01,2026-09-01,"Draft directory record. Source-verify identity, official links, taxonomy, and public metrics before publication."
p4bfd521,Inna,inna,Public Figure,,,,,,Romania,Romania,,Europe,,,singer,singer;performer,Music,Music;Fashion,,,,,,,International,,,,,,,,,,,,,false,,false,draft,2026-09-01,2026-09-01,"Draft directory record. Source-verify identity, official links, taxonomy, and public metrics before publication."
pad50a40,Irina Rimes,irina-rimes,Public Figure,,,,,,Moldova,Moldova,,Europe,,,singer,singer;songwriter,Music,Music,,,,,,,International,,,,,,,,,,,,,false,,false,draft,2026-09-01,2026-09-01,"Draft directory record. Source-verify identity, official links, taxonomy, and public metrics before publication."
p4cf7f75,Oleksandr Zinchenko,oleksandr-zinchenko,Public Figure,,,,,,Ukraine,Ukraine,,Europe,,,footballer,footballer,Sports,Sports,,,footballer,footballer,,,International,,,,,,,,,,,,,false,,false,draft,2026-09-01,2026-09-01,"Draft directory record. Source-verify identity, official links, taxonomy, and public metrics before publication."
p2c490f4,Monika Liu,monika-liu,Public Figure,,,,,,Lithuania,Lithuania,,Europe,,,singer,singer;songwriter,Music,Music,,,,,,,International,,,,,,,,,,,,,false,,false,draft,2026-09-01,2026-09-01,"Draft directory record. Source-verify identity, official links, taxonomy, and public metrics before publication."
pd07212a,Kristīne Opolais,kristne-opolais,Public Figure,,,,,,Latvia,Latvia,,Europe,,,opera singer,opera singer,Music,Music,,,,,,,International,,,,,,,,,,,,,false,,false,draft,2026-09-01,2026-09-01,"Draft directory record. Source-verify identity, official links, taxonomy, and public metrics before publication."
pbca45bb,Zara Larsson,zara-larsson,Public Figure,,,,,,Sweden,Sweden,,Europe,,,singer,singer;songwriter,Music,Music;Fashion,,,,,,,International,,,,,,,,,,,,,false,,false,draft,2026-09-01,2026-09-01,"Draft directory record. Source-verify identity, official links, taxonomy, and public metrics before publication."
pa95dc79,Paul Mescal,paul-mescal,Public Figure,,,,,,Ireland,Ireland,,Europe,,,actor,actor,Film,Film;Entertainment,,,,,,,International,,,,,,,,,,,,,false,,false,draft,2026-09-01,2026-09-01,"Draft directory record. Source-verify identity, official links, taxonomy, and public metrics before publication."
pcafce9d,Katrín Davíðsdóttir,katrn-davsdttir,Public Figure,,,,,,Iceland,Iceland,,Europe,,,athlete,athlete;fitness personality,Sports,Sports;Fitness,,,athlete;fitness personality,athlete;fitness personality,,,International,,,,,,,,,,,,,false,,false,draft,2026-09-01,2026-09-01,"Draft directory record. Source-verify identity, official links, taxonomy, and public metrics before publication."
pec59a97,Vilimoni Botitu,vilimoni-botitu,Public Figure,,,,,,Fiji,Fiji,,Oceania,,,rugby player,rugby player,Sports,Sports,,,rugby player,rugby player,,,International,,,,,,,,,,,,,false,,false,draft,2026-09-01,2026-09-01,"Draft directory record. Source-verify identity, official links, taxonomy, and public metrics before publication."
p04c38d3,Elaine Thompson-Herah,elaine-thompson-herah,Public Figure,,,,,,Jamaica,Jamaica,,Caribbean,,,sprinter,sprinter,Sports,Sports,,,sprinter,sprinter,,,International,,,,,,,,,,,,,false,,false,draft,2026-09-01,2026-09-01,"Draft directory record. Source-verify identity, official links, taxonomy, and public metrics before publication."
pdac3ca2,Buddy Hield,buddy-hield,Public Figure,,,,,,Bahamas,Bahamas,,Caribbean,,,basketball player,basketball player,Sports,Sports,,,basketball player,basketball player,,,International,,,,,,,,,,,,,false,,false,draft,2026-09-01,2026-09-01,"Draft directory record. Source-verify identity, official links, taxonomy, and public metrics before publication."
p9844031,Obadele Thompson,obadele-thompson,Public Figure,,,,,,Barbados,Barbados,,Caribbean,,,sprinter,sprinter,Sports,Sports,,,sprinter,sprinter,,,International,,,,,,,,,,,,,false,,false,draft,2026-09-01,2026-09-01,"Draft directory record. Source-verify identity, official links, taxonomy, and public metrics before publication."
p60872e6,Keshorn Walcott,keshorn-walcott,Public Figure,,,,,,Trinidad and Tobago,Trinidad and Tobago,,Caribbean,,,javelin thrower,javelin thrower,Sports,Sports,,,javelin thrower,javelin thrower,,,International,,,,,,,,,,,,,false,,false,draft,2026-09-01,2026-09-01,"Draft directory record. Source-verify identity, official links, taxonomy, and public metrics before publication."
pcece90a,Manny Ramirez,manny-ramirez,Public Figure,,,,,,Dominican Republic,Dominican Republic,,Caribbean,,,baseball player,baseball player,Sports,Sports,,,baseball player,baseball player,,,International,,,,,,,,,,,,,false,,false,draft,2026-09-01,2026-09-01,"Draft directory record. Source-verify identity, official links, taxonomy, and public metrics before publication."
pbae655d,Ronaldinho,ronaldinho,Public Figure,,,,,,Brazil,Brazil,,Latin America,,,footballer,footballer;entrepreneur,Sports,Sports;Entertainment,,,footballer;entrepreneur,footballer;entrepreneur,,,International,,,,,,,,,,,,,false,,false,draft,2026-09-01,2026-09-01,"Draft directory record. Source-verify identity, official links, taxonomy, and public metrics before publication."
pe70ceee,Emiliano Martínez,emiliano-martnez,Public Figure,,,,,,Argentina,Argentina,,Latin America,,,footballer,footballer,Sports,Sports,,,footballer,footballer,,,International,,,,,,,,,,,,,false,,false,draft,2026-09-01,2026-09-01,"Draft directory record. Source-verify identity, official links, taxonomy, and public metrics before publication."
p9f4274e,Mon Laferte,mon-laferte,Public Figure,,,,,,Chile,Chile,,Latin America,,,singer,singer;artist,Music,Music;Art,,,,,,,International,,,,,,,,,,,,,false,,false,draft,2026-09-01,2026-09-01,"Draft directory record. Source-verify identity, official links, taxonomy, and public metrics before publication."
p3573da7,Paolo Guerrero,paolo-guerrero,Public Figure,,,,,,Peru,Peru,,Latin America,,,footballer,footballer,Sports,Sports,,,footballer,footballer,,,International,,,,,,,,,,,,,false,,false,draft,2026-09-01,2026-09-01,"Draft directory record. Source-verify identity, official links, taxonomy, and public metrics before publication."
pfdd8d07,Marco Etcheverry,marco-etcheverry,Public Figure,,,,,,Bolivia,Bolivia,,Latin America,,,footballer,footballer,Sports,Sports,,,footballer,footballer,,,International,,,,,,,,,,,,,false,,false,draft,2026-09-01,2026-09-01,"Draft directory record. Source-verify identity, official links, taxonomy, and public metrics before publication."
p0d9a751,Bryan Ruiz,bryan-ruiz,Public Figure,,,,,,Costa Rica,Costa Rica,,Latin America,,,footballer,footballer,Sports,Sports,,,footballer,footballer,,,International,,,,,,,,,,,,,false,,false,draft,2026-09-01,2026-09-01,"Draft directory record. Source-verify identity, official links, taxonomy, and public metrics before publication."
p2945ec7,Mariano Rivera,mariano-rivera,Public Figure,,,,,,Panama,Panama,,Latin America,,,baseball player,baseball player;entrepreneur,Sports,Sports;Business,,,baseball player;entrepreneur,baseball player;entrepreneur,,,International,,,,,,,,,,,,,false,,false,draft,2026-09-01,2026-09-01,"Draft directory record. Source-verify identity, official links, taxonomy, and public metrics before publication."
p94e9c87,Gaby Moreno,gaby-moreno,Public Figure,,,,,,Guatemala,Guatemala,,Latin America,,,singer,singer;songwriter,Music,Music,,,,,,,International,,,,,,,,,,,,,false,,false,draft,2026-09-01,2026-09-01,"Draft directory record. Source-verify identity, official links, taxonomy, and public metrics before publication."
pkcf3b6aa7,Amir Khan,amir-khan,Public Figure,Amir Khan,,male,Millennial,1986-12-08,United Kingdom,United Kingdom,GB,England,Bolton,English; Urdu,Professional boxer,boxer; athlete,Sports,boxing; sports,boxing,boxing,,,,athlete,global,Professional boxer and sports personality.,Olympic silver medalist and former world champion boxer.,boxing,Olympic silver medal; world champion,Khan Promotions,,,,,,,,,,,draft,2026-09-01,2026-09-01,Generated draft; source verification required.
pkf194f6db,Naoya Inoue,naoya-inoue,Public Figure,The Monster,,male,Millennial,1993-05-10,Japan,Japan,JP,Kanto,Zama,Japanese,Professional boxer,boxer; athlete,Sports,boxing; sports,boxing,boxing,,,,athlete,global,Japanese professional boxer known for championship success.,Multiple-division world champion.,boxing,Multiple world titles,,,,,,,,,,,,draft,2026-09-01,2026-09-01,Generated draft; source verification required.
pk9f0a1caf,Mary Kom,mary-kom,Public Figure,Magnificent Mary,,female,Gen X,1983-11-24,India,India,IN,Manipur,Kangathei,English; Hindi; Manipuri,Boxer,boxer; athlete,Sports,boxing; sports,boxing,boxing,,,,athlete,global,Indian boxer and Olympic medalist.,Six-time world champion and Olympic bronze medalist.,boxing,Olympic bronze medal; world championships,Mary Kom Boxing Academy,,,,,,,,,,,draft,2026-09-01,2026-09-01,Generated draft; source verification required.
pk9deb425c,PV Sindhu,pv-sindhu,Public Figure,Pusarla Venkata Sindhu,,female,Millennial,1995-07-05,India,India,IN,Telangana,Hyderabad,English; Telugu; Hindi,Badminton player,badminton player; athlete,Sports,badminton; sports,badminton,badminton,,,,athlete,global,Indian badminton champion and Olympic medalist.,Olympic medalist and world champion.,badminton,Olympic medals; world championship,,,,,,,,,,,,draft,2026-09-01,2026-09-01,Generated draft; source verification required.
pk7b2818ce,Sun Yang,sun-yang,Public Figure,,,male,Millennial,1991-12-01,China,China,CN,Zhejiang,Hangzhou,Mandarin,Swimmer,swimmer; athlete,Sports,swimming; sports,swimming,swimming,,,,athlete,global,Chinese competitive swimmer and Olympic medalist.,One of China's most decorated swimmers.,swimming,Olympic medals; world championships,,,,,,,,,,,,draft,2026-09-01,2026-09-01,Generated draft; source verification required.
pke1550aff,Hidilyn Diaz,hidilyn-diaz,Public Figure,,,female,Millennial,1991-02-20,Philippines,Philippines,PH,Zamboanga Peninsula,Zamboanga City,English; Filipino,Weightlifter,weightlifter; athlete,Sports,weightlifting; sports,weightlifting,weightlifting,,,,athlete,global,Filipino Olympic weightlifting champion.,First Olympic gold medalist for the Philippines.,weightlifting,Olympic gold,Hidilyn Diaz-Naranjo Weightlifting Academy,,,,,,,,,,,draft,2026-09-01,2026-09-01,Generated draft; source verification required.
pk73a0be58,Faith Kipyegon,faith-kipyegon,Public Figure,,,female,Gen Z,1994-01-10,Kenya,Kenya,KE,Rift Valley,Bomet,English; Swahili,Middle-distance runner,runner; athlete,Sports,athletics; running; sports,athletics,running,,,,athlete,global,Kenyan middle-distance runner and Olympic champion.,Multiple Olympic and world championship titles.,running,Olympic gold; world championships,,,,,,,,,,,,draft,2026-09-01,2026-09-01,Generated draft; source verification required.
pk196cf446,Wayde van Niekerk,wayde-van-niekerk,Public Figure,,,male,Millennial,1992-07-15,South Africa,South Africa,ZA,Western Cape,Cape Town,English; Afrikaans,Sprinter,sprinter; athlete,Sports,athletics; sports,athletics,sprinting,,,,athlete,global,South African sprinter and Olympic champion.,Olympic champion and former 400-metre world-record holder.,running,Olympic gold; world record,Wayde van Niekerk Foundation,,,,,,,,,,,draft,2026-09-01,2026-09-01,Generated draft; source verification required.
pkf25cb5de,Asisat Oshoala,asisat-oshoala,Public Figure,Superzee,,female,Millennial,1994-10-09,Nigeria,Nigeria,NG,Lagos,Lagos,English,Footballer,footballer; athlete,Sports,football; sports,football,football,,,,athlete,global,Nigerian footballer known for club and international success.,Multiple-time African Women's Footballer of the Year.,football,African awards; league titles,,,,,,,,,,,,draft,2026-09-01,2026-09-01,Generated draft; source verification required.
pkbf553930,Yassine Bounou,yassine-bounou,Public Figure,Bono,,male,Millennial,1991-04-05,Morocco,Morocco,MA,Northern District,Montreal,Arabic; French; Spanish,Footballer,footballer; athlete,Sports,football; sports,football,football,,,,athlete,global,Moroccan goalkeeper known for international performances.,Key goalkeeper for Morocco's historic World Cup run.,football,International tournament recognition,,,,,,,,,,,,draft,2026-09-01,2026-09-01,Generated draft; source verification required.
pk9f11858b,Hassan Minhaj,hassan-minhaj,Public Figure,,,male,Millennial,1985-09-23,United States,United States,US,California,Davis,English,Comedian; television host,comedian; writer; host,Entertainment,comedy; television,comedy,comedy,,,,creator,global,"American comedian, writer, and television host.",Known for Patriot Act and stand-up specials.,comedy; culture,,,,,,,,,,,,,draft,2026-09-01,2026-09-01,Generated draft; source verification required.
pkfae48d2e,Michaela Coel,michaela-coel,Public Figure,,,female,Millennial,1987-10-01,United Kingdom,United Kingdom,GB,England,London,English,Actor; writer,actor; writer; producer,Entertainment,television; film; comedy,entertainment,drama; comedy,,,,creator,global,"British actor, writer, and producer known for distinctive television storytelling.",Creator and star of I May Destroy You.,television; writing; culture,Emmy; BAFTA,,,,,,,,,,,,draft,2026-09-01,2026-09-01,Generated draft; source verification required.
pk4a8f7d90,Ayo Edebiri,ayo-edebiri,Public Figure,,,female,Gen Z,1995-10-03,United States,United States,US,Massachusetts,Boston,English,Actor; comedian; writer,actor; comedian; writer,Entertainment,film; television; comedy,entertainment,comedy; drama,,,,creator,global,"American actor, comedian, and writer.",Known for The Bear and acclaimed comedy work.,film; television; comedy,Emmy; Golden Globe,,,,,,,,,,,,draft,2026-09-01,2026-09-01,Generated draft; source verification required.
pk1eab4262,John Boyega,john-boyega,Public Figure,,,male,Millennial,1992-03-17,United Kingdom,United Kingdom,GB,England,London,English,Actor,actor; producer,Entertainment,film; television,entertainment,action; drama,,,,creator,global,British actor and producer known for major film roles.,Known for the Star Wars sequel trilogy and acclaimed drama work.,film; culture,BAFTA recognition,,,,,,,,,,,,draft,2026-09-01,2026-09-01,Generated draft; source verification required.
pkdd8aa453,Dev Patel,dev-patel,Public Figure,,,male,Millennial,1990-04-23,United Kingdom,United Kingdom,GB,England,London,English; Gujarati,Actor; filmmaker,actor; director; producer,Entertainment,film; television,entertainment,drama; action,,,,creator,global,British actor and filmmaker known for international cinema.,Known for Slumdog Millionaire and directing Monkey Man.,film; filmmaking,BAFTA; Oscar recognition,,,,,,,,,,,,draft,2026-09-01,2026-09-01,Generated draft; source verification required.
pk7849d673,Maitreyi Ramakrishnan,maitreyi-ramakrishnan,Public Figure,,,female,Gen Z,2001-12-28,Canada,Canada,CA,Ontario,Mississauga,English; Tamil,Actor,actor; creator,Entertainment,television; film,entertainment,comedy; drama,,,,creator,global,Canadian actor known for television comedy.,Known for Never Have I Ever.,television; culture,,,,,,,,,,,,,draft,2026-09-01,2026-09-01,Generated draft; source verification required.
pkc56fc71b,Jackie Aina,jackie-aina,Influencer,,,female,Millennial,1987-08-04,United States,United States,US,California,Los Angeles,English,Beauty creator,creator; makeup artist,Beauty,beauty; YouTube; makeup,beauty; cosmetics,beauty,,,,creator,global,American beauty creator and makeup artist.,Known for beauty education and representation.,beauty; cosmetics; culture,,,,,,,,,,,,,draft,2026-09-01,2026-09-01,Generated draft; source verification required.
pkb704610c,Samin Nosrat,samin-nosrat,Public Figure,,,female,Millennial,1979-08-07,United States,United States,US,California,San Diego,English,Cookbook author; educator,author; chef; educator,Food & Hospitality,food; books; television,food; education,culinary,,,,creator,global,"American chef, author, and food educator.",Author of Salt Fat Acid Heat.,food; cooking; education,James Beard Award,,,,,,,,,,,,draft,2026-09-01,2026-09-01,Generated draft; source verification required.
pkce78d503,José Andrés,jose-andres,Public Figure,,,male,Gen X,1969-07-13,Spain,Spain,ES,Asturias,Mieres,Spanish; English,Chef; humanitarian,chef; restaurateur; humanitarian,Food & Hospitality,food; restaurants; humanitarian work,food; philanthropy,culinary,,,,creator,global,Spanish-American chef and humanitarian.,Founder of World Central Kitchen.,food; humanitarianism; disaster response,Humanitarian awards,World Central Kitchen,,,,,,,,,,,draft,2026-09-01,2026-09-01,Generated draft; source verification required.
pk24226899,Maangchi,maangchi,Influencer,Emily Kim,,female,Gen X,1957-03-19,South Korea,South Korea,KR,Seoul,Seoul,Korean; English,Food creator,creator; cookbook author,Food & Hospitality,YouTube; Korean cooking,food; Korean cuisine,culinary,,,,creator,global,Korean-American food creator known for Korean cooking education.,Publishes Korean recipes and cooking videos internationally.,food; Korean cuisine; education,,,,,,,,,,,,,draft,2026-09-01,2026-09-01,Generated draft; source verification required.
pkba720057,Kunal Kapur,kunal-kapur,Public Figure,,,male,Gen X,1979-09-18,India,India,IN,Delhi,New Delhi,Hindi; English,Chef; television personality,chef; host; author,Food & Hospitality,food; television; YouTube,food; Indian cuisine,culinary,,,,creator,global,Indian chef and television personality.,Known for Indian cooking programs and food content.,food; Indian cuisine; education,,,,,,,,,,,,,draft,2026-09-01,2026-09-01,Generated draft; source verification required.
pk2a71a715,Eva zu Beck,eva-zu-beck,Influencer,,,female,Millennial,1991-01-25,Poland,Poland,PL,Masovian,Warsaw,English; Polish,Travel creator,creator; traveler,Travel,YouTube; travel,travel; culture,travel,,,,creator,global,Polish travel creator known for immersive journeys and cultural storytelling.,Creates long-form travel stories focused on people and places.,travel; culture; adventure,,,,,,,,,,,,,draft,2026-09-01,2026-09-01,Generated draft; source verification required.
pk9d8cf0c4,Dave2D,dave-lee,Influencer,Dave Lee,,male,Millennial,1989-10-31,Canada,Canada,CA,British Columbia,Vancouver,English,Technology creator,creator; technology reviewer,Technology,YouTube; technology,technology; laptops; consumer electronics,technology,,,,creator,global,Canadian technology creator known for laptop reviews.,Creates concise technology analysis and product reviews.,technology; laptops,,,,,,,,,,,,,draft,2026-09-01,2026-09-01,Generated draft; source verification required.
pk2d2af625,Ayra Starr,ayra-starr,Public Figure,,,female,Gen Z,2002-06-14,Nigeria,Nigeria,NG,Lagos,Cotonou,English; Yoruba,Singer; songwriter,singer; songwriter,Entertainment,music; Afrobeats,music; African music,Afrobeats,,,,creator,global,Nigerian singer and songwriter known for Afropop and Afrobeats.,Internationally successful young African recording artist.,music; Afrobeats,,,,,,,,,,,,,draft,2026-09-01,2026-09-01,Generated draft; source verification required.
pk60ead82f,Rema,rema,Public Figure,,,male,Gen Z,2000-05-01,Nigeria,Nigeria,NG,Edo,Benin City,English; Edo,Singer; songwriter,singer; songwriter,Entertainment,music; Afrobeats,music; African music,Afrobeats,,,,creator,global,Nigerian singer and songwriter.,International recording artist with major crossover success.,music; Afrobeats,,,,,,,,,,,,,draft,2026-09-01,2026-09-01,Generated draft; source verification required.
pk9c3a22f4,Fally Ipupa,fally-ipupa,Public Figure,,,male,Gen X,1977-12-14,Democratic Republic of the Congo,Democratic Republic of the Congo,CD,Kinshasa,Kinshasa,French; Lingala,Singer; songwriter,singer; songwriter; dancer,Entertainment,music; Congolese rumba,music; African music,rumba,,,,creator,global,Congolese singer and songwriter known for modern Congolese rumba.,Major African recording artist and performer.,music; rumba; African culture,,,,,,,,,,,,,draft,2026-09-01,2026-09-01,Generated draft; source verification required.
pk8473703f,Uncle Waffles,uncle-waffles,Influencer,Lungelihle Zwane,,female,Gen Z,2000-04-04,Eswatini,Eswatini,SZ,Manzini,Manzini,English; siSwati,DJ; producer,DJ; producer,Entertainment,music; amapiano; nightlife,music; African music,amapiano,,,,creator,global,Eswatini-born DJ and producer associated with amapiano.,Known for energetic DJ performances.,music; amapiano; nightlife,,,,,,,,,,,,,draft,2026-09-01,2026-09-01,Generated draft; source verification required.
pk1d18e188,Boyan Slat,boyan-slat,Public Figure,,,male,Gen Z,1994-07-27,Netherlands,Netherlands,NL,South Holland,Delft,Dutch; English,Inventor; entrepreneur,entrepreneur; inventor,Technology,technology; ocean cleanup,climate technology; oceans,cleantech,,,,public figure,global,Dutch inventor and entrepreneur focused on ocean cleanup technology.,Founder of The Ocean Cleanup.,ocean cleanup; entrepreneurship; sustainability,,The Ocean Cleanup,,,,,,,,,,,draft,2026-09-01,2026-09-01,Generated draft; source verification required.
pk72ee3e09,Sal Khan,sal-khan,Public Figure,Salman Khan,,male,Gen X,1976-10-11,United States,United States,US,Louisiana,Metairie,English,Educator; entrepreneur,educator; entrepreneur; author,Education,education; technology,education; edtech,education,,,,public figure,global,American educator and entrepreneur who founded Khan Academy.,Known for expanding free online education.,education; edtech; learning,,Khan Academy,,,,,,,,,,,draft,2026-09-01,2026-09-01,Generated draft; source verification required.
pkc678c371,Andrew Ng,andrew-ng,Public Figure,,,male,Gen X,1976-04-18,United Kingdom,United Kingdom,GB,London,London,English; Mandarin,AI educator; entrepreneur,computer scientist; entrepreneur; educator,Technology,AI; education; entrepreneurship,AI; machine learning; education,AI,,,,public figure,global,"Computer scientist, educator, and entrepreneur known for influential AI education.",Co-founder of Google Brain and Coursera and founder of DeepLearning.AI.,AI; machine learning; education; entrepreneurship,,,,,,,,,,,,,draft,2026-09-01,2026-09-01,Generated draft; source verification required.
pkd43f88d1,Fei-Fei Li,fei-fei-li,Public Figure,,,female,Gen X,1976-07-01,China,China,CN,Beijing,Beijing,English; Mandarin,Computer scientist; AI researcher,scientist; educator; entrepreneur,Technology,AI; computer vision; research,AI; machine learning; education,AI,,,,public figure,global,Computer scientist and AI researcher known for computer vision.,Stanford professor and prominent AI researcher and educator.,AI; computer vision; education; research,,,,,,,,,,,,,draft,2026-09-01,2026-09-01,Generated draft; source verification required.
pkac2781d1,Amena Khan,amena-khan,Influencer,,,female,Millennial,1983-10-18,United Kingdom,United Kingdom,GB,England,Leicester,English,Beauty creator; entrepreneur,creator; entrepreneur,Beauty,YouTube; beauty; fashion,beauty; modest fashion; entrepreneurship,beauty,,,,creator,global,British beauty creator and entrepreneur known for modest-fashion and beauty content.,Early digital creator in the global modest-fashion space.,beauty; fashion; entrepreneurship,,,,,,,,,,,,,draft,2026-09-01,2026-09-01,Generated draft; source verification required.
pk4c146ed6,Sali Hughes,sali-hughes,Public Figure,,,female,Gen X,1974-01-01,United Kingdom,United Kingdom,GB,England,London,English,Beauty journalist,journalist; author; beauty expert,Beauty,beauty; journalism; books,beauty; cosmetics; culture,beauty,,,,public figure,global,British beauty journalist and author.,"Known for beauty writing, education, and cultural commentary.",beauty; journalism; cosmetics,,,,,,,,,,,,,draft,2026-09-01,2026-09-01,Generated draft; source verification required.
pk62f8ff36,Lisa Eldridge,lisa-eldridge-2,Public Figure,,,female,Gen X,1974-01-01,United Kingdom,United Kingdom,GB,England,London,English,Makeup artist,makeup artist; author; creator,Beauty,beauty; cosmetics; YouTube,beauty; makeup,beauty,,,,creator,global,"British makeup artist, author, and beauty educator.",Known for editorial makeup artistry and beauty education.,beauty; cosmetics; education,,,,,,,,,,,,,draft,2026-09-01,2026-09-01,Generated draft; source verification required.
pk3f8d9a35,Deepica Mutyala,deepica-mutyala,Influencer,,,female,Millennial,1989-07-04,United States,United States,US,Texas,Sugar Land,English,Beauty creator; entrepreneur,creator; entrepreneur,Beauty,YouTube; Instagram; beauty,beauty; entrepreneurship; representation,beauty,,,,creator,global,American beauty creator and entrepreneur.,Known for beauty content and entrepreneurship focused on inclusive beauty.,beauty; entrepreneurship; representation,,,,,,,,,,,,,draft,2026-09-01,2026-09-01,Generated draft; source verification required.
pkfc51c9a4,Hannah Bronfman,hannah-bronfman,Influencer,,,female,Millennial,1987-10-26,United States,United States,US,New York,New York City,English,Wellness creator; entrepreneur,creator; entrepreneur; author,Health & Fitness,Instagram; wellness,wellness; beauty; lifestyle,wellness,,,,creator,global,American wellness and beauty entrepreneur and creator.,"Known for wellness, beauty, and lifestyle content.",wellness; beauty; entrepreneurship,,,,,,,,,,,,,draft,2026-09-01,2026-09-01,Generated draft; source verification required.
pk684eee6f,Kayla Itsines,kayla-itsines,Influencer,,,female,Millennial,1991-05-21,Australia,Australia,AU,South Australia,Adelaide,English,Fitness entrepreneur,creator; fitness trainer; entrepreneur,Health & Fitness,fitness; apps; Instagram,fitness; wellness; entrepreneurship,fitness,,,,creator,global,Australian fitness entrepreneur and trainer.,Known for digital fitness programs and a global fitness community.,fitness; wellness; entrepreneurship,,,,,,,,,,,,,draft,2026-09-01,2026-09-01,Generated draft; source verification required.
pk99b89929,Dr. Mike Varshavski,mike-varshavski,Influencer,Doctor Mike,,male,Millennial,1989-11-12,United States,United States,US,New York,Long Island,English; Russian,Physician; creator,physician; creator; educator,Health & Fitness,YouTube; health education,health education; medicine; media,health education,,,,creator,global,Physician and health educator known for accessible medical content.,Creates educational health and medicine videos for general audiences.,health education; medicine; media,,,,,,,,,,,,,draft,2026-09-01,2026-09-01,Generated draft; source verification required.
pk0ae1b103,Dr. Julie Smith,julie-smith,Public Figure,,,female,Gen X,1969-01-01,United Kingdom,United Kingdom,GB,England,Gloucestershire,English,Psychologist; author,psychologist; author; educator,Education,YouTube; books,mental health education; psychology; self-help,education,,,,public figure,global,British psychologist and author known for accessible psychology education.,Creates educational content about psychology and emotional wellbeing.,psychology; education; books,,,,,,,,,,,,,draft,2026-09-01,2026-09-01,Generated draft; source verification required.
pkc44e65ca,Aleyda Solis,aleyda-solis,Public Figure,,,female,Gen X,1983-11-16,Spain,Spain,ES,Canary Islands,Las Palmas,Spanish; English,SEO consultant,consultant; author; speaker,Marketing,SEO; conferences; consulting,SEO; international SEO; ecommerce,SEO,,,,public figure,global,International SEO consultant and author specializing in technical and global search.,"Known for international SEO consulting, speaking, and education.",SEO; international SEO; ecommerce,,,,,,,,,,,,,draft,2026-09-01,2026-09-01,Generated draft; source verification required.
pkb6873730,Lily Ray,lily-ray,Public Figure,,,female,Millennial,1989-01-01,United States,United States,US,New York,New York City,English,SEO expert,SEO consultant; speaker,Marketing,SEO; conferences; publishing,SEO; organic search; content,SEO,,,,public figure,global,SEO consultant and speaker known for search-quality and organic-growth analysis.,"Known for work on SEO, content quality, and search visibility.",SEO; content; search,,,,,,,,,,,,,draft,2026-09-01,2026-09-01,Generated draft; source verification required.
pk9f7a1bf7,Randall Munroe,randall-munroe,Public Figure,xkcd,,male,Millennial,1984-10-17,United States,United States,US,Massachusetts,Cambridge,English,Cartoonist; author,cartoonist; author; engineer,Arts & Media,webcomics; books,science; technology; humor,comics,,,,creator,global,American cartoonist and author known for science and technology humor.,Creator of xkcd and author of science-focused books.,science; technology; humor,,,,,,,,,,,,,draft,2026-09-01,2026-09-01,Generated draft; source verification required.
pk13c27729,Simone Giertz,simone-giertz,Influencer,The Queen of Shitty Robots,,female,Millennial,1990-11-01,Sweden,Sweden,SE,Stockholm,Stockholm,Swedish; English,Inventor; creator,inventor; creator; engineer,Technology,YouTube; robotics,engineering; robotics; creativity,robotics,,,,creator,global,Swedish inventor and creator known for playful robotics projects.,Creates accessible engineering and robotics entertainment.,robotics; engineering; creativity,,,,,,,,,,,,,draft,2026-09-01,2026-09-01,Generated draft; source verification required.
pk9f53d373,James Hoffmann,james-hoffmann,Influencer,,,male,Gen X,1979-12-11,United Kingdom,United Kingdom,GB,England,London,English,Coffee expert; author,coffee professional; author; creator,Food & Hospitality,YouTube; coffee,coffee; food; education,coffee,,,,creator,global,"British coffee expert, author, and creator.","Known for coffee education, reviews, and industry commentary.",coffee; education; food,,,,,,,,,,,,,draft,2026-09-01,2026-09-01,Generated draft; source verification required.
pk9f6a2174,Lance Hedrick,lance-hedrick,Influencer,,,male,Millennial,1991-01-01,United States,United States,US,Georgia,Atlanta,English,Coffee educator,coffee educator; creator,Food & Hospitality,YouTube; coffee,coffee; education; specialty coffee,coffee,,,,creator,global,American coffee educator and creator.,Known for specialty coffee education and brewing content.,coffee; education; specialty coffee,,,,,,,,,,,,,draft,2026-09-01,2026-09-01,Generated draft; source verification required.
pkdcf8b7c7,Pailin Chongchitnant,pailin-chongchitnant,Influencer,Hot Thai Kitchen,,female,Millennial,1984-01-01,Thailand,Thailand,TH,Bangkok,Bangkok,Thai; English,Chef; food creator,chef; author; creator,Food & Hospitality,YouTube; Thai cooking,food; Thai cuisine; education,Thai cuisine,,,,creator,global,Thai-Canadian chef and creator known for Thai cooking education.,Creator of Hot Thai Kitchen and author of Thai cooking resources.,Thai cuisine; cooking; education,,,,,,,,,,,,,draft,2026-09-01,2026-09-01,Generated draft; source verification required.
pke859b2c9,Tiffy Cooks,tiffy-cooks,Influencer,Tiffy Chen,,female,Millennial,1990-01-01,Taiwan,Taiwan,TW,Taipei,Taipei,Mandarin; English,Food creator,creator; recipe developer,Food & Hospitality,Instagram; TikTok; YouTube,food; Asian cuisine; recipes,Asian cuisine,,,,creator,global,Taiwanese food creator known for approachable Asian recipes.,Creates recipe content focused on Asian home cooking.,food; Asian cuisine; recipes,,,,,,,,,,,,,draft,2026-09-01,2026-09-01,Generated draft; source verification required.
pk95129c8c,My Nguyen,myhealthydish,Influencer,My Nguyen,,female,Millennial,1986-01-01,United States,United States,US,California,Los Angeles,English,Food creator,creator; recipe developer,Food & Hospitality,Instagram; TikTok,healthy cooking; family food,healthy cooking,,,,creator,global,Food creator known for accessible healthy recipes and family cooking.,Creates practical recipe and lifestyle content.,healthy cooking; recipes; family,,,,,,,,,,,,,draft,2026-09-01,2026-09-01,Generated draft; source verification required.
